{
    "LCOH": 32.64946469429815,
    "Total Emissions DM": -6.453558087639758e+19,
    "Total Emissions OM": 62106.13865656011,
    "Total Sub Emissions DM": 0.0,
    "Total Sub Emissions OM": 0.0,
    "allowed_bew_invest_bonus": 0.0,
    "balance_total": 91171497.78049845,
    "ccet_chp_bonus_real": 34.04909244268435,
    "cost_el": 0.0,
    "cost_el_grid": 0.0,
    "cost_el_internal": 0.0,
    "cost_el_sub": 0.0,
    "cost_gas": 244799832.34389663,
    "cost_total": 269721142.13931876,
    "gap": 0.00924818683251061,
    "invest_total": 427164530.64751464,
    "net present value": 709033851.937474,
    "objective": -101184028.2944181,
    "op_cost_total": 24921309.795422148,
    "revenues_chpbonus": 0.0,
    "revenues_heat": 90023445.61569418,
    "revenues_hp_bew_op_bonus": 0.0,
    "revenues_spotmarket": 261866849.74255362,
    "revenues_sub_heat": 9002344.561569419,
    "revenues_sub_hp_bew_op_bonus": 0.0,
    "revenues_total": 360892639.9198172,
    "total_bew_invest_bonus": 0.0,
    "total_heat_demand": 1173096.76330068
}