{
    "LCOH": 32.64694414112763,
    "Total Emissions DM": -6.453558087639758e+19,
    "Total Emissions OM": 62240.95962785292,
    "Total Sub Emissions DM": 0.0,
    "Total Sub Emissions OM": 0.0,
    "allowed_bew_invest_bonus": 0.0,
    "balance_total": 91174750.31854111,
    "ccet_chp_bonus_real": 34.04909244268435,
    "cost_el": 0.0,
    "cost_el_grid": 0.0,
    "cost_el_internal": 0.0,
    "cost_el_sub": 0.0,
    "cost_gas": 244805910.5824191,
    "cost_total": 269727300.554568,
    "gap": 0.0055130569738323235,
    "invest_total": 427164530.64751464,
    "net present value": 709074385.7507088,
    "objective": -103754506.9614637,
    "op_cost_total": 24921389.972148903,
    "revenues_chpbonus": 0.0,
    "revenues_heat": 90023445.61569418,
    "revenues_hp_bew_op_bonus": 0.0,
    "revenues_spotmarket": 261876260.69584554,
    "revenues_sub_heat": 9002344.561569419,
    "revenues_sub_hp_bew_op_bonus": 0.0,
    "revenues_total": 360902050.8731091,
    "total_bew_invest_bonus": 0.0,
    "total_heat_demand": 1173096.76330068
}