{
    "LCOH": 32.646944082998566,
    "Total Emissions DM": -6.453558087639758e+19,
    "Total Emissions OM": 62240.96755500978,
    "Total Sub Emissions DM": 0.0,
    "Total Sub Emissions OM": 0.0,
    "allowed_bew_invest_bonus": 0.0,
    "balance_total": 91174750.39355123,
    "ccet_chp_bonus_real": 34.04909244268435,
    "cost_el": 0.0,
    "cost_el_grid": 0.0,
    "cost_el_internal": 0.0,
    "cost_el_sub": 0.0,
    "cost_gas": 244805910.62659004,
    "cost_total": 269727300.5267829,
    "gap": 0.005516895317841712,
    "invest_total": 427164530.64751464,
    "net present value": 709074386.6855009,
    "objective": -103681197.24153447,
    "op_cost_total": 24921389.90019285,
    "revenues_chpbonus": 0.0,
    "revenues_heat": 90023445.61569418,
    "revenues_hp_bew_op_bonus": 0.0,
    "revenues_spotmarket": 261876260.74307054,
    "revenues_sub_heat": 9002344.561569419,
    "revenues_sub_hp_bew_op_bonus": 0.0,
    "revenues_total": 360902050.9203341,
    "total_bew_invest_bonus": 0.0,
    "total_heat_demand": 1173096.76330068
}