{
    "LCOH": 8.196056729852582,
    "Total Emissions DM": -537825.2181972538,
    "Total Emissions OM": -129235.10766081008,
    "Total Sub Emissions DM": 14255.709141006057,
    "Total Sub Emissions OM": 8437.268666562506,
    "allowed_bew_invest_bonus": 19040602.210982077,
    "balance_total": 131249172.74795346,
    "ccet_chp_bonus_real": 34.042431077565894,
    "cost_el": 7929845.4802058935,
    "cost_el_grid": 7929845.4802058935,
    "cost_el_internal": 0.0,
    "cost_el_sub": 1884933.159688079,
    "cost_gas": 80724125.183344,
    "cost_total": 117186850.12936805,
    "gap": 0.01639800177517573,
    "invest_total": 533377953.68885577,
    "net present value": 1102276844.3805065,
    "objective": -146836538.19492573,
    "op_cost_total": 26647946.306130067,
    "revenues_chpbonus": 32631179.86723694,
    "revenues_heat": 90023445.61569418,
    "revenues_hp_bew_op_bonus": 7109965.220497903,
    "revenues_spotmarket": 107975930.9842877,
    "revenues_sub_heat": 9002344.561569419,
    "revenues_sub_hp_bew_op_bonus": 1693156.628035394,
    "revenues_total": 248436022.8773215,
    "total_bew_invest_bonus": 19040602.210982077
}