{
    "LCOH": 34.04455086616654,
    "Total Emissions DM": -5.676477681042895e+19,
    "Total Emissions OM": 4997.823560243458,
    "allowed_bew_invest_bonus": 0.0,
    "balance_total": 84124296.67056006,
    "ccet_chp_bonus_real": 34.04908588033055,
    "cost_el": 0.0,
    "cost_el_grid": 0.0,
    "cost_el_internal": 0.0,
    "cost_gas": 219844503.65051728,
    "cost_total": 243512378.44408876,
    "gap": 0.00638547070982179,
    "invest_total": 424293274.76439804,
    "net present value": 624081405.2623572,
    "objective": -77843296.66170189,
    "op_cost_total": 23667874.793571487,
    "revenues_chpbonus": 0.0,
    "revenues_heat": 90009090.63129418,
    "revenues_hp_bew_op_bonus": 0,
    "revenues_spotmarket": 237627584.48335466,
    "revenues_total": 327636675.1146488,
    "total_bew_invest_bonus": 0.0
}