{
    "LCOH": 34.28900303709226,
    "Total Emissions DM": -5.6981750378265485e+19,
    "Total Emissions OM": 5108.24507274359,
    "allowed_bew_invest_bonus": 0.0,
    "balance_total": 84039787.6670089,
    "ccet_chp_bonus_real": 34.04908588033055,
    "cost_el": 0.0,
    "cost_el_grid": 0.0,
    "cost_el_internal": 0.0,
    "cost_gas": 219837070.0072035,
    "cost_total": 243586759.77488235,
    "gap": 0.009709451413225092,
    "invest_total": 426813274.76439804,
    "net present value": 620508236.2842643,
    "objective": -79127250.94340603,
    "op_cost_total": 23749689.767678868,
    "revenues_chpbonus": 0.0,
    "revenues_heat": 90009090.63129418,
    "revenues_hp_bew_op_bonus": 0,
    "revenues_spotmarket": 237617456.8105971,
    "revenues_total": 327626547.44189125,
    "total_bew_invest_bonus": 0.0
}