{
    "LCOH": 34.28901465262587,
    "Total Emissions DM": -5.6790584053836186e+19,
    "Total Emissions OM": 4906.225271788502,
    "allowed_bew_invest_bonus": 0.0,
    "balance_total": 84039774.04303685,
    "ccet_chp_bonus_real": 34.04908588033056,
    "cost_el": 0.0,
    "cost_el_grid": 0.0,
    "cost_el_internal": 0.0,
    "cost_gas": 219837222.5315549,
    "cost_total": 243586914.09538838,
    "gap": 0.00970576045931806,
    "invest_total": 426813274.7643983,
    "net present value": 620508066.4994586,
    "objective": -79091142.00562635,
    "op_cost_total": 23749691.56383348,
    "revenues_chpbonus": 0.0,
    "revenues_heat": 90009090.63129418,
    "revenues_hp_bew_op_bonus": 0,
    "revenues_spotmarket": 237617597.50713104,
    "revenues_total": 327626688.13842523,
    "total_bew_invest_bonus": 0.0
}