{
    "LCOH": 13.358430269682161,
    "Total Emissions DM": -342366.6901814098,
    "Total Emissions OM": -53339.56355514766,
    "allowed_bew_invest_bonus": 17254048.653875314,
    "balance_total": 102262494.44254293,
    "ccet_chp_bonus_real": 34.06611393258057,
    "cost_el": 14166686.770564277,
    "cost_el_grid": 14166686.770564277,
    "cost_el_internal": 0.0,
    "cost_gas": 60102614.56356003,
    "cost_total": 92307625.1494043,
    "gap": 0.0013201693446901219,
    "invest_total": 347965304.6214786,
    "net present value": 926451411.2743173,
    "objective": -97727037.954247,
    "op_cost_total": 18038323.815279998,
    "revenues_chpbonus": 12172074.02686405,
    "revenues_heat": 90009090.63129418,
    "revenues_hp_bew_op_bonus": 12652937.272664962,
    "revenues_spotmarket": 79736017.66112404,
    "revenues_total": 194570119.59194723,
    "total_bew_invest_bonus": 17254048.653875314
}