{
    "LCOH": 12.67167371389563,
    "Total Emissions DM": 56803.0642338804,
    "Total Emissions OM": 33278.367136621666,
    "allowed_bew_invest_bonus": 21604968.378723312,
    "balance_total": 22962273.05496858,
    "cost_biogas": 0.0,
    "cost_el": 7355868.109081999,
    "cost_el_grid": 7355868.109081999,
    "cost_el_internal": 0.0,
    "cost_total": 7920055.0349053955,
    "gap": 0.023013213617009667,
    "ice_chp_bonus_real": 0,
    "invest_total": 33623741.447044164,
    "net present value": 252536935.30681244,
    "objective": -21968138.586558077,
    "op_cost_total": 564186.9258233963,
    "revenues_chpbonus": 0.0,
    "revenues_heat": 24272149.8528,
    "revenues_hp_bew_op_bonus": 6610178.237073975,
    "revenues_spotmarket": 0.0,
    "revenues_total": 30882328.089873977,
    "total_bew_invest_bonus": 21604968.378723312,
    "total_heat_demand": 316290.72000000003
}