{
    "LCOH": 16.97606305587865,
    "Total Emissions DM": 50019.48115011242,
    "Total Emissions OM": 29578.6511765923,
    "allowed_bew_invest_bonus": 29780914.260022797,
    "balance_total": 22942017.16176778,
    "cost_biogas": 0.0,
    "cost_el": 6526564.822190372,
    "cost_el_grid": 6526564.822190372,
    "cost_el_internal": 0.0,
    "cost_total": 7196309.564427711,
    "gap": 0.010496349421023638,
    "ice_chp_bonus_real": 0,
    "invest_total": 50337840.00605624,
    "net present value": 235570403.5460559,
    "objective": -20500986.459286842,
    "op_cost_total": 669744.742237339,
    "revenues_chpbonus": 0.0,
    "revenues_heat": 24272149.8528,
    "revenues_hp_bew_op_bonus": 5866176.87339549,
    "revenues_spotmarket": 0.0,
    "revenues_total": 30138326.72619549,
    "total_bew_invest_bonus": 29780914.260022797,
    "total_heat_demand": 316290.72000000003
}