{
    "LCOH": 13.13114963819104,
    "Total Emissions DM": 52083.09342950385,
    "Total Emissions OM": 30539.934627808423,
    "allowed_bew_invest_bonus": 23260973.211905576,
    "balance_total": 23021769.563170686,
    "cost_biogas": 0.0,
    "cost_el": 6754456.195631868,
    "cost_el_grid": 6754456.195631868,
    "cost_el_internal": 0.0,
    "cost_total": 7319646.333654709,
    "gap": 0.004174362396761172,
    "ice_chp_bonus_real": 0,
    "invest_total": 36176307.18914086,
    "net present value": 250725827.56457698,
    "objective": -21978797.052526176,
    "op_cost_total": 565190.1380228414,
    "revenues_chpbonus": 0.0,
    "revenues_heat": 24272149.8528,
    "revenues_hp_bew_op_bonus": 6069266.044025394,
    "revenues_spotmarket": 0.0,
    "revenues_total": 30341415.896825396,
    "total_bew_invest_bonus": 23260973.211905576,
    "total_heat_demand": 316290.72000000003
}