{
    "LCOH": 13.132669589405195,
    "Total Emissions DM": 52100.47726809667,
    "Total Emissions OM": 30560.358474403158,
    "allowed_bew_invest_bonus": 23276985.4991415,
    "balance_total": 23021186.682386372,
    "cost_biogas": 0.0,
    "cost_el": 6758146.3421446355,
    "cost_el_grid": 6758146.3421446355,
    "cost_el_internal": 0.0,
    "cost_total": 7322945.36264572,
    "gap": 0.006076811262978834,
    "ice_chp_bonus_real": 0,
    "invest_total": 36175034.36975653,
    "net present value": 250719836.4010226,
    "objective": -21978378.899695624,
    "op_cost_total": 564799.0205010849,
    "revenues_chpbonus": 0.0,
    "revenues_heat": 24272149.8528,
    "revenues_hp_bew_op_bonus": 6071982.192232089,
    "revenues_spotmarket": 0.0,
    "revenues_total": 30344132.04503209,
    "total_bew_invest_bonus": 23276985.4991415
}