{
    "LCOH": 7.1541644925078645,
    "Total Emissions DM": -537476.4708260886,
    "Total Emissions OM": -129145.53242118937,
    "Total Sub Emissions DM": 14254.626324115432,
    "Total Sub Emissions OM": 8435.870457324854,
    "allowed_bew_invest_bonus": 13862216.456515653,
    "balance_total": 131970346.59480967,
    "ccet_chp_bonus_real": 34.042431077565894,
    "cost_el": 7941465.719295708,
    "cost_el_grid": 7941465.719295708,
    "cost_el_internal": 0.0,
    "cost_el_sub": 1884563.0380659539,
    "cost_gas": 80689371.89670041,
    "cost_total": 116441176.04090925,
    "gap": 0.016182353881869803,
    "invest_total": 525610375.0571562,
    "net present value": 1119031843.185267,
    "objective": -146836854.8967589,
    "op_cost_total": 25925775.38684717,
    "revenues_chpbonus": 32631179.867236927,
    "revenues_heat": 90023445.61569418,
    "revenues_hp_bew_op_bonus": 7120373.597823085,
    "revenues_spotmarket": 107941167.99204887,
    "revenues_sub_heat": 9002344.561569419,
    "revenues_sub_hp_bew_op_bonus": 1693011.0013464524,
    "revenues_total": 248411522.6357189,
    "total_bew_invest_bonus": 13862216.456515653,
    "total_heat_demand": 1173096.76330068
}