{
    "LCOH": 8.497128012520117,
    "Total Emissions DM": -621343.9976120109,
    "Total Emissions OM": -146874.25206511744,
    "Total Sub Emissions DM": 14019.292728572567,
    "Total Sub Emissions OM": 8318.907788348324,
    "allowed_bew_invest_bonus": 21890614.639000915,
    "balance_total": 131203706.98213618,
    "ccet_chp_bonus_real": 34.042431077565894,
    "cost_el": 4098964.6248098207,
    "cost_el_grid": 4098964.6248098207,
    "cost_el_internal": 0.0,
    "cost_el_sub": 1859049.925846601,
    "cost_gas": 90118264.43209161,
    "cost_total": 122551000.65018992,
    "gap": 0.010316641306571114,
    "invest_total": 537652972.3308841,
    "net present value": 1097435221.8014784,
    "objective": -143970106.6191153,
    "op_cost_total": 26474721.667441893,
    "revenues_chpbonus": 32631179.86723669,
    "revenues_heat": 90023445.61569418,
    "revenues_hp_bew_op_bonus": 3644964.3241048045,
    "revenues_spotmarket": 116787247.82554252,
    "revenues_sub_heat": 9002344.561569419,
    "revenues_sub_hp_bew_op_bonus": 1665525.4381784764,
    "revenues_total": 253754707.6323261,
    "total_bew_invest_bonus": 21890614.639000915,
    "total_heat_demand": 1173096.76330068
}