{
    "LCOH": 7.814001313692287,
    "Total Emissions DM": -698596.4274039072,
    "Total Emissions OM": -161934.21054315593,
    "Total Sub Emissions DM": 17037.568143194945,
    "Total Sub Emissions OM": 9916.971613577736,
    "allowed_bew_invest_bonus": 4111287.6671882817,
    "balance_total": 129945229.28129606,
    "ccet_chp_bonus_real": 34.042431077565894,
    "cost_el": 0.0,
    "cost_el_grid": 0.0,
    "cost_el_internal": 0.0,
    "cost_el_sub": 2242103.1615585405,
    "cost_gas": 98821355.78267647,
    "cost_total": 128100162.75292139,
    "gap": 0.0020933288468718255,
    "invest_total": 510983981.873165,
    "net present value": 1108420798.4399319,
    "objective": -145556655.47836003,
    "op_cost_total": 27036703.808686376,
    "revenues_chpbonus": 32631179.867236897,
    "revenues_heat": 90023445.61569418,
    "revenues_hp_bew_op_bonus": 0.0,
    "revenues_spotmarket": 124386867.77560449,
    "revenues_sub_heat": 9002344.561569419,
    "revenues_sub_hp_bew_op_bonus": 2001554.2141124373,
    "revenues_total": 258045392.03421745,
    "total_bew_invest_bonus": 4111287.6671882817,
    "total_heat_demand": 1173096.76330068
}