{
    "LCOH": 39.47835275062961,
    "Total Emissions DM": -1.1104278496364339e+21,
    "Total Emissions OM": 328091.7114153436,
    "allowed_bew_invest_bonus": 0.0,
    "balance_total": 88076501.85983473,
    "ccet_chp_bonus_real": 34.03956069167003,
    "cost_el": 2143199.147558681,
    "cost_el_grid": 2097426.2720471043,
    "cost_el_internal": 45772.87551157682,
    "cost_gas": 222156037.31263256,
    "cost_total": 251435877.4070962,
    "gap": 0.08684597366704366,
    "invest_total": 552972627.0494494,
    "net present value": 544655265.3629248,
    "objective": -81696293.51943925,
    "op_cost_total": 27136640.946904954,
    "revenues_chpbonus": 0.0,
    "revenues_heat": 90009090.63129418,
    "revenues_hp_bew_op_bonus": 0,
    "revenues_spotmarket": 249503288.63563678,
    "revenues_total": 339512379.26693094,
    "total_bew_invest_bonus": 0.0,
    "total_heat_demand": 1172909.70330068
}