{
    "LCOH": 40.2639991601286,
    "Total Emissions DM": -1.1533657771590825e+21,
    "Total Emissions OM": 330934.866464097,
    "allowed_bew_invest_bonus": 0.0,
    "balance_total": 87815805.71158731,
    "ccet_chp_bonus_real": 34.039367299720816,
    "cost_el": 2106358.945467742,
    "cost_el_grid": 2062489.0502375914,
    "cost_el_internal": 43869.895230150825,
    "cost_gas": 223393744.17146763,
    "cost_total": 252763291.88358182,
    "gap": 0.1022181128371355,
    "invest_total": 561207607.6495508,
    "net present value": 533171434.5278741,
    "objective": -81551832.55580792,
    "op_cost_total": 27263188.766646434,
    "revenues_chpbonus": 0.0,
    "revenues_heat": 90009090.63129418,
    "revenues_hp_bew_op_bonus": 0,
    "revenues_spotmarket": 250570006.96387497,
    "revenues_total": 340579097.5951691,
    "total_bew_invest_bonus": 0.0,
    "total_heat_demand": 1172909.70330068
}