{
    "LCOH": 41.031962916606616,
    "Total Emissions DM": -1.1585639427655652e+21,
    "Total Emissions OM": 335688.877681336,
    "allowed_bew_invest_bonus": 0.0,
    "balance_total": 87324391.74775249,
    "ccet_chp_bonus_real": 34.03881718676817,
    "cost_el": 945499.2959417718,
    "cost_el_grid": 918925.1443181965,
    "cost_el_internal": 26574.151623575366,
    "cost_gas": 226168482.06554282,
    "cost_total": 254744204.4076085,
    "gap": 0.06265192638760753,
    "invest_total": 566308866.1240404,
    "net present value": 521946071.8708136,
    "objective": -79793105.95263411,
    "op_cost_total": 27630223.046123907,
    "revenues_chpbonus": 0.0,
    "revenues_heat": 90009090.63129418,
    "revenues_hp_bew_op_bonus": 0,
    "revenues_spotmarket": 252059505.52406684,
    "revenues_total": 342068596.155361,
    "total_bew_invest_bonus": 0.0,
    "total_heat_demand": 1172909.70330068
}