{
    "LCOH": 38.912017659888896,
    "Total Emissions DM": -1.2820274059973333e+21,
    "Total Emissions OM": 389764.61630948813,
    "Total Sub Emissions DM": 2.072984539415932e+18,
    "Total Sub Emissions OM": 131.36518579354316,
    "allowed_bew_invest_bonus": 0.0,
    "balance_total": 96882491.2512061,
    "ccet_chp_bonus_real": 34.03684804104407,
    "cost_el": 865004.6111224343,
    "cost_el_grid": 841477.8579569004,
    "cost_el_internal": 23526.75316553386,
    "cost_el_sub": 403429.9708627954,
    "cost_gas": 252609763.97766802,
    "cost_total": 283606482.3278791,
    "gap": 0.07497111806656466,
    "invest_total": 599046228.7445396,
    "net present value": 608323755.7372802,
    "objective": -109987421.81182714,
    "op_cost_total": 29728283.76822584,
    "revenues_chpbonus": 0.0,
    "revenues_heat": 90023445.61569418,
    "revenues_hp_bew_op_bonus": 774933.2507159573,
    "revenues_spotmarket": 280333608.5106665,
    "revenues_sub_heat": 9002344.561569419,
    "revenues_sub_hp_bew_op_bonus": 354641.64043915365,
    "revenues_total": 380488973.5790852,
    "total_bew_invest_bonus": 0.0,
    "total_heat_demand": 1173096.76330068
}