{
    "LCOH": 37.57578411786537,
    "Total Emissions DM": -1.248637734369132e+21,
    "Total Emissions OM": 378597.0420909239,
    "Total Sub Emissions DM": 1.8478599332068777e+18,
    "Total Sub Emissions OM": 110.19502124336684,
    "allowed_bew_invest_bonus": 0.0,
    "balance_total": 98916400.92364138,
    "ccet_chp_bonus_real": 34.03684804104407,
    "cost_el": 1972343.1049450277,
    "cost_el_grid": 1929720.521166269,
    "cost_el_internal": 42622.58377875876,
    "cost_el_sub": 559548.0276148194,
    "cost_gas": 248637989.10459358,
    "cost_total": 280805590.5530613,
    "gap": 0.05817807495061636,
    "invest_total": 602904844.4222933,
    "net present value": 629812150.2151417,
    "objective": -113317174.61010252,
    "op_cost_total": 29635710.31590788,
    "revenues_chpbonus": 0.0,
    "revenues_heat": 90023445.61569418,
    "revenues_hp_bew_op_bonus": 1765711.5565069276,
    "revenues_spotmarket": 278436110.64158195,
    "revenues_sub_heat": 9002344.561569419,
    "revenues_sub_hp_bew_op_bonus": 494379.10135023936,
    "revenues_total": 379721991.4767027,
    "total_bew_invest_bonus": 0.0,
    "total_heat_demand": 1173096.76330068
}