{
    "LCOH": 39.11195242804282,
    "Total Emissions DM": -1.2739414842978725e+21,
    "Total Emissions OM": 381668.3551200371,
    "Total Sub Emissions DM": 1.9465350441058532e+18,
    "Total Sub Emissions OM": 118.87104187737653,
    "allowed_bew_invest_bonus": 0.0,
    "balance_total": 96824458.69074452,
    "ccet_chp_bonus_real": 34.03684804104407,
    "cost_el": 2058834.5385036168,
    "cost_el_grid": 2030864.3373975868,
    "cost_el_internal": 27970.201106029992,
    "cost_el_sub": 561007.9024442469,
    "cost_gas": 249517658.30708086,
    "cost_total": 281802375.6687165,
    "gap": 0.09269981578867022,
    "invest_total": 601538229.0509994,
    "net present value": 605108541.4556322,
    "objective": -113139774.67804976,
    "op_cost_total": 29664874.920687813,
    "revenues_chpbonus": 0.0,
    "revenues_heat": 90023445.61569418,
    "revenues_hp_bew_op_bonus": 0.0,
    "revenues_spotmarket": 279105893.3477693,
    "revenues_sub_heat": 9002344.561569419,
    "revenues_sub_hp_bew_op_bonus": 495150.8344281598,
    "revenues_total": 378626834.359461,
    "total_bew_invest_bonus": 0.0,
    "total_heat_demand": 1173096.76330068
}