{
    "LCOH": 23.09830657080676,
    "Total Emissions DM": 7.285969862416674e+18,
    "Total Emissions OM": 12267.68220796265,
    "allowed_bew_invest_bonus": 0.0,
    "balance_total": 21971714.020806488,
    "cost_biogas": 0.0,
    "cost_el": 10361200.590389146,
    "cost_el_grid": 10361200.590389146,
    "cost_el_internal": 0.0,
    "cost_total": 11066051.591496147,
    "gap": 0.0869181287469028,
    "ice_chp_bonus_real": 0,
    "invest_total": 62377652.058660686,
    "net present value": 211438469.65476465,
    "objective": -11218196.164128061,
    "op_cost_total": 704851.001107001,
    "revenues_chpbonus": 0.0,
    "revenues_heat": 24272149.8528,
    "revenues_hp_bew_op_bonus": 8765615.759502634,
    "revenues_spotmarket": 0.0,
    "revenues_total": 33037765.612302635,
    "total_bew_invest_bonus": 0.0,
    "total_heat_demand": 316290.72000000003
}