{
    "LCOH": 29.515010244355643,
    "Total Emissions DM": 6.929422101049214e+18,
    "Total Emissions OM": 15967.224430023836,
    "allowed_bew_invest_bonus": 0.0,
    "balance_total": 21975604.343217988,
    "cost_biogas": 0.0,
    "cost_el": 10364813.63781825,
    "cost_el_grid": 10364813.63781825,
    "cost_el_internal": 0.0,
    "cost_total": 11089830.323910754,
    "gap": 0.0983019184310149,
    "ice_chp_bonus_real": 0,
    "invest_total": 87718736.12057653,
    "net present value": 186145867.60904118,
    "objective": -9176143.868137155,
    "op_cost_total": 725016.6860925043,
    "revenues_chpbonus": 0.0,
    "revenues_heat": 24272149.8528,
    "revenues_hp_bew_op_bonus": 8793284.814328741,
    "revenues_spotmarket": 0.0,
    "revenues_total": 33065434.66712874,
    "total_bew_invest_bonus": 0.0,
    "total_heat_demand": 316290.72000000003
}