{
    "LCOH": 23.48915269966796,
    "Total Emissions DM": 8.436088330714233e+18,
    "Total Emissions OM": 11811.288242133342,
    "allowed_bew_invest_bonus": 0.0,
    "balance_total": 21809213.210166346,
    "cost_biogas": 0.0,
    "cost_el": 11073366.863361374,
    "cost_el_grid": 11073366.863361374,
    "cost_el_internal": 0.0,
    "cost_total": 11822186.020182323,
    "gap": 0.08482966712940887,
    "ice_chp_bonus_real": 0,
    "invest_total": 61893123.72408663,
    "net present value": 209897878.706308,
    "objective": -10429856.763958193,
    "op_cost_total": 748819.1568209501,
    "revenues_chpbonus": 0.0,
    "revenues_heat": 24272149.8528,
    "revenues_hp_bew_op_bonus": 9359249.377548669,
    "revenues_spotmarket": 0.0,
    "revenues_total": 33631399.23034867,
    "total_bew_invest_bonus": 0.0,
    "total_heat_demand": 316290.72000000003
}