{
    "LCOH": 24.82143717613327,
    "Total Emissions DM": 3.736467992409711e+19,
    "Total Emissions OM": 1980.7590993139322,
    "allowed_bew_invest_bonus": 0.0,
    "balance_total": 22366222.03133638,
    "cost_biogas": 0.0,
    "cost_el": 7859386.883975037,
    "cost_el_grid": 7859386.883975037,
    "cost_el_internal": 0.0,
    "cost_total": 8883575.015640866,
    "gap": 0.0880772327996023,
    "ice_chp_bonus_real": 0,
    "invest_total": 74086125.86584172,
    "net present value": 204646437.6566241,
    "objective": -12646005.375392647,
    "op_cost_total": 1024188.1316658279,
    "revenues_chpbonus": 0.0,
    "revenues_heat": 24272149.8528,
    "revenues_hp_bew_op_bonus": 6977647.194177242,
    "revenues_spotmarket": 0.0,
    "revenues_total": 31249797.046977244,
    "total_bew_invest_bonus": 0.0,
    "total_heat_demand": 316290.72000000003
}