{
    "LCOH": 25.609745593895077,
    "Total Emissions DM": 4.005649163025832e+19,
    "Total Emissions OM": 1992.4714668405973,
    "allowed_bew_invest_bonus": 0.0,
    "balance_total": 22291845.25475251,
    "cost_biogas": 1.0252838423389826e-06,
    "cost_el": 8342075.067587978,
    "cost_el_grid": 8342075.067587978,
    "cost_el_internal": 0.0,
    "cost_total": 9402126.440642273,
    "gap": 0.06757591707081917,
    "ice_chp_bonus_real": 0,
    "invest_total": 76266487.52387619,
    "net present value": 201539176.96420133,
    "objective": -12106012.073295891,
    "op_cost_total": 1060051.3730532692,
    "revenues_chpbonus": 0.0,
    "revenues_heat": 24272149.8528,
    "revenues_hp_bew_op_bonus": 7421821.842594439,
    "revenues_spotmarket": 3.4208879566996117e-07,
    "revenues_total": 31693971.69539478,
    "total_bew_invest_bonus": 0.0,
    "total_heat_demand": 316290.72000000003
}