{
    "LCOH": 31.345006565949838,
    "Total Emissions DM": 3.543594021919858e+19,
    "Total Emissions OM": 3408.673801001572,
    "allowed_bew_invest_bonus": 0.0,
    "balance_total": 22213677.184103884,
    "cost_biogas": 0.0,
    "cost_el": 8707342.660838163,
    "cost_el_grid": 8707342.660838155,
    "cost_el_internal": 6.534069424413154e-09,
    "cost_total": 9560420.963044947,
    "gap": 0.09727287866194378,
    "ice_chp_bonus_real": 0,
    "invest_total": 97898912.55355977,
    "net present value": 178932604.99602407,
    "objective": -10009112.80569965,
    "op_cost_total": 853078.302206785,
    "revenues_chpbonus": 0.0,
    "revenues_heat": 24272149.8528,
    "revenues_hp_bew_op_bonus": 7501948.29434883,
    "revenues_spotmarket": 0.0,
    "revenues_total": 31774098.147148833,
    "total_bew_invest_bonus": 0.0,
    "total_heat_demand": 316290.72000000003
}