{
    "LCOH": 63.74436149042022,
    "Total Emissions DM": 2.11685246975871e+19,
    "Total Emissions OM": 104096.05060574501,
    "allowed_bew_invest_bonus": 0.0,
    "balance_total": 26554118.161000937,
    "ccet_chp_bonus_real": 34.31093949294226,
    "cost_el": 20648495.168059394,
    "cost_el_grid": 15507714.499610415,
    "cost_el_internal": 5140780.668448978,
    "cost_gas": 38730400.50643422,
    "cost_total": 65100409.78943525,
    "gap": 0.1273348534142471,
    "invest_total": 140965141.43600565,
    "net present value": 189957864.547049,
    "objective": -21544610.507021237,
    "op_cost_total": 5721514.114941645,
    "revenues_chpbonus": 0.0,
    "revenues_heat": 90009090.63129418,
    "revenues_hp_bew_op_bonus": 0,
    "revenues_spotmarket": 1645437.3191420208,
    "revenues_total": 91654527.95043619,
    "total_bew_invest_bonus": 0.0,
    "total_heat_demand": 1172909.70330068
}