{
    "LCOH": 61.86936077521874,
    "Total Emissions DM": 1.9850476282020016e+19,
    "Total Emissions OM": 107248.40029928676,
    "allowed_bew_invest_bonus": 0.0,
    "balance_total": 30136751.8552572,
    "ccet_chp_bonus_real": 34.2755243129981,
    "cost_el": 15743634.250610096,
    "cost_el_grid": 10082830.091481203,
    "cost_el_internal": 5660804.159128893,
    "cost_gas": 42110866.37952646,
    "cost_total": 64421593.390920326,
    "gap": 0.11630217033419521,
    "invest_total": 158205701.7187033,
    "net present value": 217364838.94244394,
    "objective": -25625003.527205974,
    "op_cost_total": 6567092.760783769,
    "revenues_chpbonus": 0.0,
    "revenues_heat": 90009090.63129418,
    "revenues_hp_bew_op_bonus": 0,
    "revenues_spotmarket": 4549254.6148833465,
    "revenues_total": 94558345.24617752,
    "total_bew_invest_bonus": 0.0,
    "total_heat_demand": 1172909.70330068
}