{
    "LCOH": 61.20497239281492,
    "Total Emissions DM": 1.9429721251779457e+19,
    "Total Emissions OM": 106239.72992947401,
    "allowed_bew_invest_bonus": 0.0,
    "balance_total": 31090830.269322492,
    "ccet_chp_bonus_real": 34.26932522324538,
    "cost_el": 14672006.64068374,
    "cost_el_grid": 9007277.060664348,
    "cost_el_internal": 5664729.580019393,
    "cost_gas": 45496272.58132981,
    "cost_total": 66933790.16304723,
    "gap": 0.0973314407983203,
    "invest_total": 160384231.0969771,
    "net present value": 227076235.44352877,
    "objective": -26550487.57665415,
    "op_cost_total": 6765510.941033683,
    "revenues_chpbonus": 0.0,
    "revenues_heat": 90009090.63129418,
    "revenues_hp_bew_op_bonus": 0,
    "revenues_spotmarket": 8015529.801075552,
    "revenues_total": 98024620.43236972,
    "total_bew_invest_bonus": 0.0,
    "total_heat_demand": 1172909.70330068
}