{
    "LCOH": 62.60923269249673,
    "Total Emissions DM": 2.029179703117188e+19,
    "Total Emissions OM": 107303.83705211792,
    "allowed_bew_invest_bonus": 0.0,
    "balance_total": 28963134.98426403,
    "ccet_chp_bonus_real": 34.279943159610575,
    "cost_el": 16701795.250272784,
    "cost_el_grid": 11102843.63333062,
    "cost_el_internal": 5598951.616942164,
    "cost_gas": 41307028.277184114,
    "cost_total": 64372069.44649635,
    "gap": 0.09391840757421288,
    "invest_total": 154394584.32176077,
    "net present value": 206550096.03151596,
    "objective": -24341221.73039978,
    "op_cost_total": 6363245.919039459,
    "revenues_chpbonus": 0.0,
    "revenues_heat": 90009090.63129418,
    "revenues_hp_bew_op_bonus": 0,
    "revenues_spotmarket": 3326113.7994662113,
    "revenues_total": 93335204.43076038,
    "total_bew_invest_bonus": 0.0,
    "total_heat_demand": 1172909.70330068
}