{
    "LCOH": 71.55246338608092,
    "Total Emissions DM": -5.442464136257707e+19,
    "Total Emissions OM": 27255.500403155824,
    "allowed_bew_invest_bonus": 0.0,
    "balance_total": 39670888.81929207,
    "ccet_chp_bonus_real": 34.05172720412118,
    "cost_el": 0.0,
    "cost_el_grid": 0.0,
    "cost_el_internal": 0.0,
    "cost_gas": 262506499.66582578,
    "cost_total": 285959417.310917,
    "gap": 0.021878347744864392,
    "invest_total": 418560492.1833209,
    "net present value": 75826468.75821441,
    "objective": -35362959.27853034,
    "op_cost_total": 23452917.645091217,
    "revenues_chpbonus": 0.0,
    "revenues_heat": 90009090.63129418,
    "revenues_hp_bew_op_bonus": 0,
    "revenues_spotmarket": 235621215.4989149,
    "revenues_total": 325630306.1302091,
    "total_bew_invest_bonus": 0.0,
    "total_heat_demand": 1172909.70330068
}