{
    "LCOH": 63.42728716631133,
    "Total Emissions DM": 2.083215252752159e+19,
    "Total Emissions OM": 105433.15211968601,
    "allowed_bew_invest_bonus": 0.0,
    "balance_total": 27088645.054488674,
    "ccet_chp_bonus_real": 34.296146812590386,
    "cost_el": 19197455.519270606,
    "cost_el_grid": 13877884.975032529,
    "cost_el_internal": 5319570.544238078,
    "cost_gas": 40030860.593388066,
    "cost_total": 65082882.66485211,
    "gap": 0.19860244977045255,
    "invest_total": 142991837.58036664,
    "net present value": 194592554.9830766,
    "objective": -22095667.079593673,
    "op_cost_total": 5854566.552193443,
    "revenues_chpbonus": 0.0,
    "revenues_heat": 90009090.63129418,
    "revenues_hp_bew_op_bonus": 0,
    "revenues_spotmarket": 2162437.0880466118,
    "revenues_total": 92171527.71934079,
    "total_bew_invest_bonus": 0.0,
    "total_heat_demand": 1172909.70330068
}