{
    "LCOH": 48.48528172903142,
    "Total Emissions DM": -5.699255108459439e+19,
    "Total Emissions OM": 5904.063948310824,
    "allowed_bew_invest_bonus": 0.0,
    "balance_total": 67399721.05270341,
    "ccet_chp_bonus_real": 34.04915405522758,
    "cost_el": 0.0,
    "cost_el_grid": 0.0,
    "cost_el_internal": 0.0,
    "cost_gas": 236407451.24645415,
    "cost_total": 260160372.80603394,
    "gap": 0.02081562837462266,
    "invest_total": 426948943.5484162,
    "net present value": 413000557.2388939,
    "objective": -62480176.31198505,
    "op_cost_total": 23752921.559579782,
    "revenues_chpbonus": 0.0,
    "revenues_heat": 90009090.63129418,
    "revenues_hp_bew_op_bonus": 0,
    "revenues_spotmarket": 237551003.22744316,
    "revenues_total": 327560093.85873735,
    "total_bew_invest_bonus": 0.0,
    "total_heat_demand": 1172909.70330068
}