{
    "LCOH": 62.76779501170633,
    "Total Emissions DM": 2.0269590319021855e+19,
    "Total Emissions OM": 107206.22010605823,
    "allowed_bew_invest_bonus": 0.0,
    "balance_total": 28749233.609571368,
    "ccet_chp_bonus_real": 34.2810373285382,
    "cost_el": 16836631.359510053,
    "cost_el_grid": 11252563.984359106,
    "cost_el_internal": 5584067.375150948,
    "cost_gas": 41312697.455187164,
    "cost_total": 64496343.651859105,
    "gap": 0.08586613649812812,
    "invest_total": 154046613.33912647,
    "net present value": 204232383.09017187,
    "objective": -24134044.64840571,
    "op_cost_total": 6347014.837161886,
    "revenues_chpbonus": 0.0,
    "revenues_heat": 90009090.63129418,
    "revenues_hp_bew_op_bonus": 0,
    "revenues_spotmarket": 3236486.6301363027,
    "revenues_total": 93245577.26143047,
    "total_bew_invest_bonus": 0.0,
    "total_heat_demand": 1172909.70330068
}