{
    "LCOH": 43.04357331567991,
    "Total Emissions DM": -5.704754213889791e+19,
    "Total Emissions OM": 6059.384306901724,
    "allowed_bew_invest_bonus": 0.0,
    "balance_total": 73553853.7528893,
    "ccet_chp_bonus_real": 34.04910825401106,
    "cost_el": 0.0,
    "cost_el_grid": 0.0,
    "cost_el_internal": 0.0,
    "cost_gas": 230402351.10446918,
    "cost_total": 254063481.42246136,
    "gap": 0.00922902685382725,
    "invest_total": 424101329.7267927,
    "net present value": 492542267.2461376,
    "objective": -68525183.9261394,
    "op_cost_total": 23661130.31799217,
    "revenues_chpbonus": 0.0,
    "revenues_heat": 90009090.63129418,
    "revenues_hp_bew_op_bonus": 0,
    "revenues_spotmarket": 237608244.54405648,
    "revenues_total": 327617335.17535067,
    "total_bew_invest_bonus": 0.0,
    "total_heat_demand": 1172909.70330068
}