{
    "LCOH": 69.19103357189348,
    "Total Emissions DM": -5.483262497546371e+19,
    "Total Emissions OM": 23214.253182399094,
    "allowed_bew_invest_bonus": 0.0,
    "balance_total": 42693818.99392909,
    "ccet_chp_bonus_real": 34.05132215423835,
    "cost_el": 0.0,
    "cost_el_grid": 0.0,
    "cost_el_internal": 0.0,
    "cost_gas": 259629818.43102866,
    "cost_total": 283189047.2860036,
    "gap": 0.05844496528808515,
    "invest_total": 421715752.26125646,
    "net present value": 110343600.3674165,
    "objective": -38355122.90615941,
    "op_cost_total": 23559228.85497495,
    "revenues_chpbonus": 0.0,
    "revenues_heat": 90009090.63129418,
    "revenues_hp_bew_op_bonus": 0,
    "revenues_spotmarket": 235873775.64863852,
    "revenues_total": 325882866.2799327,
    "total_bew_invest_bonus": 0.0,
    "total_heat_demand": 1172909.70330068
}