{
    "LCOH": 62.1376175904526,
    "Total Emissions DM": 1.9469911951613366e+19,
    "Total Emissions OM": 107197.34401185098,
    "allowed_bew_invest_bonus": 0.0,
    "balance_total": 29736909.084946156,
    "ccet_chp_bonus_real": 34.27708300581426,
    "cost_el": 16063281.277887639,
    "cost_el_grid": 10426666.634821696,
    "cost_el_internal": 5636614.6430659415,
    "cost_gas": 41852924.93345673,
    "cost_total": 64422515.24867654,
    "gap": 0.09260492917069517,
    "invest_total": 157143899.60426962,
    "net present value": 213443716.3493175,
    "objective": -25194829.731055774,
    "op_cost_total": 6506309.0373321725,
    "revenues_chpbonus": 0.0,
    "revenues_heat": 90009090.63129418,
    "revenues_hp_bew_op_bonus": 0,
    "revenues_spotmarket": 4150333.702328517,
    "revenues_total": 94159424.3336227,
    "total_bew_invest_bonus": 0.0,
    "total_heat_demand": 1172909.70330068
}