{
    "LCOH": 63.98897599302495,
    "Total Emissions DM": 2.060170087672323e+19,
    "Total Emissions OM": 106037.7933220816,
    "allowed_bew_invest_bonus": 0.0,
    "balance_total": 27149075.9843726,
    "ccet_chp_bonus_real": 34.29407023438993,
    "cost_el": 18593397.803276464,
    "cost_el_grid": 13209384.418586528,
    "cost_el_internal": 5384013.384689938,
    "cost_gas": 40399627.44605973,
    "cost_total": 65178279.617311195,
    "gap": 0.13215322302887295,
    "invest_total": 151955172.76374847,
    "net present value": 186382322.7591036,
    "objective": -22501520.11807967,
    "op_cost_total": 6185254.367974996,
    "revenues_chpbonus": 0.0,
    "revenues_heat": 90009090.63129418,
    "revenues_hp_bew_op_bonus": 0,
    "revenues_spotmarket": 2318264.970389613,
    "revenues_total": 92327355.6016838,
    "total_bew_invest_bonus": 0.0,
    "total_heat_demand": 1172909.70330068
}