{
    "LCOH": 63.91141271008156,
    "Total Emissions DM": 2.0725900148349272e+19,
    "Total Emissions OM": 106047.08604906147,
    "allowed_bew_invest_bonus": 0.0,
    "balance_total": 27358269.97282914,
    "ccet_chp_bonus_real": 34.28776389934488,
    "cost_el": 18213791.54237532,
    "cost_el_grid": 12781898.604857253,
    "cost_el_internal": 5431892.937518067,
    "cost_gas": 40663531.26444958,
    "cost_total": 65121823.936967306,
    "gap": 0.15462923793067984,
    "invest_total": 153428446.06426457,
    "net present value": 187516068.94512776,
    "objective": -22694238.505327653,
    "op_cost_total": 6244501.130142408,
    "revenues_chpbonus": 0.0,
    "revenues_heat": 90009090.63129418,
    "revenues_hp_bew_op_bonus": 0,
    "revenues_spotmarket": 2471003.2785022715,
    "revenues_total": 92480093.90979645,
    "total_bew_invest_bonus": 0.0,
    "total_heat_demand": 1172909.70330068
}