{
    "LCOH": 60.581615336941674,
    "Total Emissions DM": 1.419940204001257e+19,
    "Total Emissions OM": 95381.52551899095,
    "allowed_bew_invest_bonus": 0.0,
    "balance_total": 32676348.044896394,
    "ccet_chp_bonus_real": 34.2378657935397,
    "cost_el": 12335549.966423292,
    "cost_el_grid": 6829937.132854114,
    "cost_el_internal": 5505612.8335691765,
    "cost_gas": 59853238.26209091,
    "cost_total": 79754314.44914545,
    "gap": 0.03878355697609468,
    "invest_total": 171031647.4631624,
    "net present value": 236187875.09838155,
    "objective": -27964345.115950413,
    "op_cost_total": 7565526.220631257,
    "revenues_chpbonus": 0.0,
    "revenues_heat": 90009090.63129418,
    "revenues_hp_bew_op_bonus": 0,
    "revenues_spotmarket": 22421571.862747673,
    "revenues_total": 112430662.49404185,
    "total_bew_invest_bonus": 0.0,
    "total_heat_demand": 1172909.70330068
}