{
    "LCOH": 63.94074830969545,
    "Total Emissions DM": 2.1081058747543052e+19,
    "Total Emissions OM": 101408.1505631154,
    "allowed_bew_invest_bonus": 0.0,
    "balance_total": 26223235.025756665,
    "ccet_chp_bonus_real": 34.32860953965536,
    "cost_el": 22999677.48672854,
    "cost_el_grid": 18156875.039705236,
    "cost_el_internal": 4842802.447023308,
    "cost_gas": 36603779.16771443,
    "cost_total": 65181630.572541125,
    "gap": 0.37371878588700164,
    "invest_total": 139712201.65881413,
    "net present value": 187087269.09402728,
    "objective": -21132975.827878773,
    "op_cost_total": 5578173.918098148,
    "revenues_chpbonus": 0.0,
    "revenues_heat": 90009090.63129418,
    "revenues_hp_bew_op_bonus": 0,
    "revenues_spotmarket": 1395774.9670036188,
    "revenues_total": 91404865.59829779,
    "total_bew_invest_bonus": 0.0,
    "total_heat_demand": 1172909.70330068
}