{
    "LCOH": 39.652437419791504,
    "Total Emissions DM": -5.688309030681873e+19,
    "Total Emissions OM": 4645.420479874443,
    "allowed_bew_invest_bonus": 0.0,
    "balance_total": 77942560.97100532,
    "ccet_chp_bonus_real": 34.04900066720561,
    "cost_el": 0.0,
    "cost_el_grid": 0.0,
    "cost_el_internal": 0.0,
    "cost_gas": 225851421.11108306,
    "cost_total": 249679606.19273162,
    "gap": 0.0260083290726134,
    "invest_total": 429225927.9608954,
    "net present value": 542110661.4960202,
    "objective": -73041375.9158064,
    "op_cost_total": 23828185.081648566,
    "revenues_chpbonus": 0.0,
    "revenues_heat": 90009090.63129418,
    "revenues_hp_bew_op_bonus": 0,
    "revenues_spotmarket": 237613076.53244278,
    "revenues_total": 327622167.16373694,
    "total_bew_invest_bonus": 0.0,
    "total_heat_demand": 1172909.70330068
}