{
    "LCOH": 73.39927810980433,
    "Total Emissions DM": 3.754377841505099e+18,
    "Total Emissions OM": 26857.067588569615,
    "allowed_bew_invest_bonus": 0.0,
    "balance_total": 35643179.91442147,
    "ccet_chp_bonus_real": 34.055968852597836,
    "cost_el": 2473881.8321772027,
    "cost_el_grid": 2049833.3683816695,
    "cost_el_internal": 424048.4637955333,
    "cost_gas": 242606285.67127395,
    "cost_total": 266770701.74545816,
    "gap": 0.4442437021513587,
    "invest_total": 395361315.0332502,
    "net present value": 48831490.337266326,
    "objective": -30848049.674257033,
    "op_cost_total": 21690534.242007017,
    "revenues_chpbonus": 0.0,
    "revenues_heat": 90009090.63129418,
    "revenues_hp_bew_op_bonus": 0,
    "revenues_spotmarket": 212404791.02858543,
    "revenues_total": 302413881.6598796,
    "total_bew_invest_bonus": 0.0,
    "total_heat_demand": 1172909.70330068
}