{
    "LCOH": 61.389719427364305,
    "Total Emissions DM": 1.4021004148350736e+19,
    "Total Emissions OM": 82009.23166511657,
    "allowed_bew_invest_bonus": 0.0,
    "balance_total": 26590765.10232938,
    "ccet_chp_bonus_real": 35.12116179850797,
    "cost_el": 48973674.09197913,
    "cost_el_grid": 47497622.81790326,
    "cost_el_internal": 1476051.274075872,
    "cost_gas": 11072244.432005795,
    "cost_total": 63558872.612478696,
    "gap": 0.09735020643795275,
    "invest_total": 107003928.59831828,
    "net present value": 224375779.27598214,
    "objective": -20543794.483892642,
    "op_cost_total": 3512954.08849377,
    "revenues_chpbonus": 0.0,
    "revenues_heat": 90009090.63129418,
    "revenues_hp_bew_op_bonus": 0,
    "revenues_spotmarket": 140547.08351389546,
    "revenues_total": 90149637.71480808,
    "total_bew_invest_bonus": 0.0,
    "total_heat_demand": 1172909.70330068
}