{
    "LCOH": 70.33400239481821,
    "Total Emissions DM": -5.45454168202329e+19,
    "Total Emissions OM": 25557.876243451432,
    "allowed_bew_invest_bonus": 0.0,
    "balance_total": 41190501.017287016,
    "ccet_chp_bonus_real": 34.05158174129151,
    "cost_el": 0.0,
    "cost_el_grid": 0.0,
    "cost_el_internal": 0.0,
    "cost_gas": 261118180.39632085,
    "cost_total": 284609773.82282865,
    "gap": 0.00624100669498182,
    "invest_total": 419687916.926426,
    "net present value": 93636770.86561185,
    "objective": -36871577.700044565,
    "op_cost_total": 23491593.426507797,
    "revenues_chpbonus": 0.0,
    "revenues_heat": 90009090.63129418,
    "revenues_hp_bew_op_bonus": 0,
    "revenues_spotmarket": 235791184.2088215,
    "revenues_total": 325800274.84011567,
    "total_bew_invest_bonus": 0.0,
    "total_heat_demand": 1172909.70330068
}