{
    "LCOH": 63.29131162856786,
    "Total Emissions DM": 2.0334978946656362e+19,
    "Total Emissions OM": 106618.96425525441,
    "allowed_bew_invest_bonus": 0.0,
    "balance_total": 28115271.879854962,
    "ccet_chp_bonus_real": 34.28336282937951,
    "cost_el": 17468384.7728547,
    "cost_el_grid": 11954804.001263151,
    "cost_el_internal": 5513580.771591549,
    "cost_gas": 41055268.90783593,
    "cost_total": 64830578.6541578,
    "gap": 0.1977255081721788,
    "invest_total": 153798316.13613346,
    "net present value": 196580115.86831853,
    "objective": -23488750.937795646,
    "op_cost_total": 6306924.973467174,
    "revenues_chpbonus": 0.0,
    "revenues_heat": 90009090.63129418,
    "revenues_hp_bew_op_bonus": 0,
    "revenues_spotmarket": 2936759.902718584,
    "revenues_total": 92945850.53401276,
    "total_bew_invest_bonus": 0.0,
    "total_heat_demand": 1172909.70330068
}