{
    "LCOH": 45.91521627604467,
    "Total Emissions DM": -5.698654263437958e+19,
    "Total Emissions OM": 5569.97087693484,
    "allowed_bew_invest_bonus": 0.0,
    "balance_total": 70431218.17706591,
    "ccet_chp_bonus_real": 34.04910825401106,
    "cost_el": 0.0,
    "cost_el_grid": 0.0,
    "cost_el_internal": 0.0,
    "cost_gas": 233411739.7954388,
    "cost_total": 257172186.49497473,
    "gap": 0.015683900711460017,
    "invest_total": 427161329.7267927,
    "net present value": 450567325.877128,
    "objective": -65501997.07325982,
    "op_cost_total": 23760446.699535947,
    "revenues_chpbonus": 0.0,
    "revenues_heat": 90009090.63129418,
    "revenues_hp_bew_op_bonus": 0,
    "revenues_spotmarket": 237594314.04074645,
    "revenues_total": 327603404.67204064,
    "total_bew_invest_bonus": 0.0,
    "total_heat_demand": 1172909.70330068
}