{
    "LCOH": 63.44035618635499,
    "Total Emissions DM": 2.0398993034797027e+19,
    "Total Emissions OM": 106472.47916222448,
    "allowed_bew_invest_bonus": 0.0,
    "balance_total": 27915557.698012322,
    "ccet_chp_bonus_real": 34.28545939514625,
    "cost_el": 17758441.678688467,
    "cost_el_grid": 12275185.43261904,
    "cost_el_internal": 5483256.246069428,
    "cost_gas": 40850141.30370782,
    "cost_total": 64887910.594812825,
    "gap": 0.22322146715846883,
    "invest_total": 153488027.36477578,
    "net present value": 194401524.49716496,
    "objective": -23279631.347664624,
    "op_cost_total": 6279327.612416534,
    "revenues_chpbonus": 0.0,
    "revenues_heat": 90009090.63129418,
    "revenues_hp_bew_op_bonus": 0,
    "revenues_spotmarket": 2794377.661530978,
    "revenues_total": 92803468.29282515,
    "total_bew_invest_bonus": 0.0,
    "total_heat_demand": 1172909.70330068
}