{
    "LCOH": 60.55730136844069,
    "Total Emissions DM": 1.4061455546851125e+19,
    "Total Emissions OM": 78070.93130451435,
    "allowed_bew_invest_bonus": 0.0,
    "balance_total": 26640106.1557123,
    "ccet_chp_bonus_real": 0,
    "cost_el": 60590015.09080691,
    "cost_el_grid": 60590015.09080691,
    "cost_el_internal": 0.0,
    "cost_gas": 13569.582550799103,
    "cost_total": 63368984.47558188,
    "gap": 0.06281683180197545,
    "invest_total": 95451332.93077907,
    "net present value": 236543273.52930173,
    "objective": -20512110.725531418,
    "op_cost_total": 2765399.802224172,
    "revenues_chpbonus": 0.0,
    "revenues_heat": 90009090.63129418,
    "revenues_hp_bew_op_bonus": 0,
    "revenues_spotmarket": 0.0,
    "revenues_total": 90009090.63129418,
    "total_bew_invest_bonus": 0.0,
    "total_heat_demand": 1172909.70330068
}