{
    "LCOH": 62.960247816361246,
    "Total Emissions DM": 2.0286516340722045e+19,
    "Total Emissions OM": 106959.05743888387,
    "allowed_bew_invest_bonus": 0.0,
    "balance_total": 28539039.423717752,
    "ccet_chp_bonus_real": 34.280620066403294,
    "cost_el": 17052572.389262307,
    "cost_el_grid": 11487923.576636726,
    "cost_el_internal": 5564648.8126255805,
    "cost_gas": 41187757.54480943,
    "cost_total": 64580461.988758296,
    "gap": 0.12309092272791838,
    "invest_total": 154240220.95694464,
    "net present value": 201419291.315467,
    "objective": -23917326.941038333,
    "op_cost_total": 6340132.054686564,
    "revenues_chpbonus": 0.0,
    "revenues_heat": 90009090.63129418,
    "revenues_hp_bew_op_bonus": 0,
    "revenues_spotmarket": 3110410.781181867,
    "revenues_total": 93119501.41247605,
    "total_bew_invest_bonus": 0.0,
    "total_heat_demand": 1172909.70330068
}