{
    "LCOH": 60.49322971612385,
    "Total Emissions DM": 1.4055194292087374e+19,
    "Total Emissions OM": 78073.9152383435,
    "allowed_bew_invest_bonus": 0.0,
    "balance_total": 26662153.692887753,
    "ccet_chp_bonus_real": 0,
    "cost_el": 60593790.31218247,
    "cost_el_grid": 60593790.31218247,
    "cost_el_internal": 0.0,
    "cost_gas": 9502.957875909822,
    "cost_total": 63346936.93840642,
    "gap": 0.05934125086690127,
    "invest_total": 94789555.59541887,
    "net present value": 237479811.91047746,
    "objective": -20512824.08865223,
    "op_cost_total": 2743643.668348042,
    "revenues_chpbonus": 0.0,
    "revenues_heat": 90009090.63129418,
    "revenues_hp_bew_op_bonus": 0,
    "revenues_spotmarket": 0.0,
    "revenues_total": 90009090.63129418,
    "total_bew_invest_bonus": 0.0,
    "total_heat_demand": 1172909.70330068
}