{
    "LCOH": 60.91829422026641,
    "Total Emissions DM": 1.7176877862870204e+19,
    "Total Emissions OM": 104273.98683719756,
    "allowed_bew_invest_bonus": 0.0,
    "balance_total": 31650261.074577495,
    "ccet_chp_bonus_real": 34.26082157541158,
    "cost_el": 13728220.474020127,
    "cost_el_grid": 8065043.87526236,
    "cost_el_internal": 5663176.598757766,
    "cost_gas": 49410362.81064007,
    "cost_total": 70119879.19999255,
    "gap": 0.0940315643787938,
    "invest_total": 163165587.0173435,
    "net present value": 231266623.89034674,
    "objective": -27055802.630880807,
    "op_cost_total": 6981295.915332365,
    "revenues_chpbonus": 0.0,
    "revenues_heat": 90009090.63129418,
    "revenues_hp_bew_op_bonus": 0,
    "revenues_spotmarket": 11761049.643275876,
    "revenues_total": 101770140.27457005,
    "total_bew_invest_bonus": 0.0,
    "total_heat_demand": 1172909.70330068
}