{
    "LCOH": 60.74080378881545,
    "Total Emissions DM": 1.447069039660385e+19,
    "Total Emissions OM": 98710.17238371487,
    "allowed_bew_invest_bonus": 0.0,
    "balance_total": 32325222.617871493,
    "ccet_chp_bonus_real": 34.24258097927786,
    "cost_el": 12780685.025932206,
    "cost_el_grid": 7219954.501804575,
    "cost_el_internal": 5560730.5241276305,
    "cost_gas": 56565898.62501652,
    "cost_total": 76738065.6299881,
    "gap": 0.053606319923155815,
    "invest_total": 168982713.68716127,
    "net present value": 233861009.94618416,
    "objective": -27641253.366089314,
    "op_cost_total": 7391481.979039385,
    "revenues_chpbonus": 0.0,
    "revenues_heat": 90009090.63129418,
    "revenues_hp_bew_op_bonus": 0,
    "revenues_spotmarket": 19054197.61656542,
    "revenues_total": 109063288.2478596,
    "total_bew_invest_bonus": 0.0,
    "total_heat_demand": 1172909.70330068
}