{
    "LCOH": 60.52255709548193,
    "Total Emissions DM": 1.404976685748787e+19,
    "Total Emissions OM": 78063.4803061742,
    "allowed_bew_invest_bonus": 0.0,
    "balance_total": 26651941.7226663,
    "ccet_chp_bonus_real": 0,
    "cost_el": 60592953.02833527,
    "cost_el_grid": 60592953.02833527,
    "cost_el_internal": 0.0,
    "cost_gas": 10708.027870424918,
    "cost_total": 63357148.908627875,
    "gap": 0.06204111481470353,
    "invest_total": 95090971.5697385,
    "net present value": 237051132.21524632,
    "objective": -20512269.941472117,
    "op_cost_total": 2753487.852422176,
    "revenues_chpbonus": 0.0,
    "revenues_heat": 90009090.63129418,
    "revenues_hp_bew_op_bonus": 0,
    "revenues_spotmarket": 0.0,
    "revenues_total": 90009090.63129418,
    "total_bew_invest_bonus": 0.0,
    "total_heat_demand": 1172909.70330068
}