{
    "LCOH": 62.0395440612207,
    "Total Emissions DM": 1.9508685259732263e+19,
    "Total Emissions OM": 107113.36512720026,
    "allowed_bew_invest_bonus": 0.0,
    "balance_total": 29935236.074149415,
    "ccet_chp_bonus_real": 34.2764969422764,
    "cost_el": 15948173.699448604,
    "cost_el_grid": 10306458.295971092,
    "cost_el_internal": 5641715.403477511,
    "cost_gas": 41898944.93536779,
    "cost_total": 64394880.66083552,
    "gap": 0.09851302342260959,
    "invest_total": 158181946.8313895,
    "net present value": 214877261.7782513,
    "objective": -25410481.48171067,
    "op_cost_total": 6547762.0260191215,
    "revenues_chpbonus": 0.0,
    "revenues_heat": 90009090.63129418,
    "revenues_hp_bew_op_bonus": 0,
    "revenues_spotmarket": 4321026.103690751,
    "revenues_total": 94330116.73498493,
    "total_bew_invest_bonus": 0.0,
    "total_heat_demand": 1172909.70330068
}