{
    "LCOH": 63.56708264256459,
    "Total Emissions DM": 2.048196886301742e+19,
    "Total Emissions OM": 106218.17555147334,
    "allowed_bew_invest_bonus": 0.0,
    "balance_total": 27748227.248087674,
    "ccet_chp_bonus_real": 34.287625130884216,
    "cost_el": 17922083.22597603,
    "cost_el_grid": 12464990.797050374,
    "cost_el_internal": 5457092.428925659,
    "cost_gas": 40773040.71244968,
    "cost_total": 64954814.05501582,
    "gap": 0.1394994070489718,
    "invest_total": 153255086.72283113,
    "net present value": 192549157.87543678,
    "objective": -23097329.29984501,
    "op_cost_total": 6259690.116590107,
    "revenues_chpbonus": 0.0,
    "revenues_heat": 90009090.63129418,
    "revenues_hp_bew_op_bonus": 0,
    "revenues_spotmarket": 2693950.6718093115,
    "revenues_total": 92703041.30310349,
    "total_bew_invest_bonus": 0.0,
    "total_heat_demand": 1172909.70330068
}