{
    "LCOH": 61.03522692252322,
    "Total Emissions DM": 1.9148986649411166e+19,
    "Total Emissions OM": 105614.21977260306,
    "allowed_bew_invest_bonus": 0.0,
    "balance_total": 31346931.388652638,
    "ccet_chp_bonus_real": 34.26656039895791,
    "cost_el": 14240028.766121905,
    "cost_el_grid": 8567015.150960634,
    "cost_el_internal": 5673013.615161273,
    "cost_gas": 46937478.16642916,
    "cost_total": 68018929.41955616,
    "gap": 0.09306521864843623,
    "invest_total": 161094639.5238415,
    "net present value": 229557413.03471655,
    "objective": -26798561.91188565,
    "op_cost_total": 6841422.487005084,
    "revenues_chpbonus": 0.0,
    "revenues_heat": 90009090.63129418,
    "revenues_hp_bew_op_bonus": 0,
    "revenues_spotmarket": 9356770.176914621,
    "revenues_total": 99365860.8082088,
    "total_bew_invest_bonus": 0.0,
    "total_heat_demand": 1172909.70330068
}