{
    "LCOH": 63.13558430435418,
    "Total Emissions DM": -5.563110595581166e+19,
    "Total Emissions OM": 17527.460466187127,
    "allowed_bew_invest_bonus": 0.0,
    "balance_total": 50299750.26114845,
    "ccet_chp_bonus_real": 34.05053531016368,
    "cost_el": 0.0,
    "cost_el_grid": 0.0,
    "cost_el_internal": 0.0,
    "cost_gas": 252507558.63082534,
    "cost_total": 276279996.5602317,
    "gap": 0.006604484835980903,
    "invest_total": 427989678.3783337,
    "net present value": 198856389.55332863,
    "objective": -45899875.14506433,
    "op_cost_total": 23772437.92940636,
    "revenues_chpbonus": 0.0,
    "revenues_heat": 90009090.63129418,
    "revenues_hp_bew_op_bonus": 0,
    "revenues_spotmarket": 236570656.19008595,
    "revenues_total": 326579746.82138014,
    "total_bew_invest_bonus": 0.0,
    "total_heat_demand": 1172909.70330068
}