{
    "LCOH": 66.70234213998081,
    "Total Emissions DM": -5.510266692998924e+19,
    "Total Emissions OM": 22040.369104352554,
    "allowed_bew_invest_bonus": 0.0,
    "balance_total": 45737697.22026628,
    "ccet_chp_bonus_real": 34.051124716063384,
    "cost_el": 0.0,
    "cost_el_grid": 0.0,
    "cost_el_internal": 0.0,
    "cost_gas": 256807664.40353796,
    "cost_total": 280420689.46073955,
    "gap": 0.005782358172591688,
    "invest_total": 423271882.2627584,
    "net present value": 146720921.07960618,
    "objective": -41383822.96193751,
    "op_cost_total": 23613025.057201594,
    "revenues_chpbonus": 0.0,
    "revenues_heat": 90009090.63129418,
    "revenues_hp_bew_op_bonus": 0,
    "revenues_spotmarket": 236149296.04971167,
    "revenues_total": 326158386.68100584,
    "total_bew_invest_bonus": 0.0,
    "total_heat_demand": 1172909.70330068
}