{
    "LCOH": 68.0996352376676,
    "Total Emissions DM": -5.543898405786379e+19,
    "Total Emissions OM": 19930.708929756423,
    "allowed_bew_invest_bonus": 0.0,
    "balance_total": 44248022.21741408,
    "ccet_chp_bonus_real": 34.05089075051749,
    "cost_el": 0.0,
    "cost_el_grid": 0.0,
    "cost_el_internal": 0.0,
    "cost_gas": 258366379.27582377,
    "cost_total": 282041889.24577135,
    "gap": 0.014164553445754466,
    "invest_total": 425131538.5251503,
    "net present value": 126296621.58964634,
    "objective": -39876023.68843464,
    "op_cost_total": 23675509.96994758,
    "revenues_chpbonus": 0.0,
    "revenues_heat": 90009090.63129418,
    "revenues_hp_bew_op_bonus": 0,
    "revenues_spotmarket": 236280820.83189124,
    "revenues_total": 326289911.4631854,
    "total_bew_invest_bonus": 0.0,
    "total_heat_demand": 1172909.70330068
}