{
    "LCOH": 73.4638970194104,
    "Total Emissions DM": -3.618267084753174e+19,
    "Total Emissions OM": 26709.610860156467,
    "allowed_bew_invest_bonus": 0.0,
    "balance_total": 36818730.9767043,
    "ccet_chp_bonus_real": 34.05331163589346,
    "cost_el": 855056.7162566277,
    "cost_el_grid": 712649.2362594677,
    "cost_el_internal": 142407.47999716,
    "cost_gas": 257184386.29126507,
    "cost_total": 280860588.68096256,
    "gap": 0.12150282332506046,
    "invest_total": 410955817.30674696,
    "net present value": 47886952.67033452,
    "objective": -32353970.068830132,
    "op_cost_total": 22821145.67344088,
    "revenues_chpbonus": 0.0,
    "revenues_heat": 90009090.63129418,
    "revenues_hp_bew_op_bonus": 0,
    "revenues_spotmarket": 227670229.02637267,
    "revenues_total": 317679319.65766686,
    "total_bew_invest_bonus": 0.0,
    "total_heat_demand": 1172909.70330068
}