{
    "LCOH": 62.325058131433714,
    "Total Emissions DM": 1.9475858849254556e+19,
    "Total Emissions OM": 107109.7763156959,
    "allowed_bew_invest_bonus": 0.0,
    "balance_total": 29516620.748778865,
    "ccet_chp_bonus_real": 34.27714294825059,
    "cost_el": 16206928.13803475,
    "cost_el_grid": 10581299.450473174,
    "cost_el_internal": 5625628.687561575,
    "cost_gas": 41810426.46098163,
    "cost_total": 64514319.373777196,
    "gap": 0.112127040704221,
    "invest_total": 157138447.30177128,
    "net present value": 210703889.0704909,
    "objective": -24974005.628330894,
    "op_cost_total": 6496964.774760812,
    "revenues_chpbonus": 0.0,
    "revenues_heat": 90009090.63129418,
    "revenues_hp_bew_op_bonus": 0,
    "revenues_spotmarket": 4021849.491261887,
    "revenues_total": 94030940.12255606,
    "total_bew_invest_bonus": 0.0,
    "total_heat_demand": 1172909.70330068
}