{
    "LCOH": 38.313958402802776,
    "Total Emissions DM": -5.674741288951381e+19,
    "Total Emissions OM": 5291.620737925368,
    "allowed_bew_invest_bonus": 0.0,
    "balance_total": 79456201.1663878,
    "ccet_chp_bonus_real": 34.04904730578162,
    "cost_el": 0.0,
    "cost_el_grid": 0.0,
    "cost_el_internal": 0.0,
    "cost_gas": 224332702.54367095,
    "cost_total": 248137675.47240156,
    "gap": 0.027944325342604853,
    "invest_total": 428524619.1761448,
    "net present value": 561675272.7785506,
    "objective": -74549172.55313869,
    "op_cost_total": 23804972.9287306,
    "revenues_chpbonus": 0.0,
    "revenues_heat": 90009090.63129418,
    "revenues_hp_bew_op_bonus": 0,
    "revenues_spotmarket": 237584786.0074952,
    "revenues_total": 327593876.63878936,
    "total_bew_invest_bonus": 0.0,
    "total_heat_demand": 1172909.70330068
}