{
    "LCOH": 62.00546271741955,
    "Total Emissions DM": -5.5824488421384995e+19,
    "Total Emissions OM": 15018.936653678149,
    "allowed_bew_invest_bonus": 0.0,
    "balance_total": 51830604.814427316,
    "ccet_chp_bonus_real": 34.0502212831904,
    "cost_el": 0.0,
    "cost_el_grid": 0.0,
    "cost_el_internal": 0.0,
    "cost_gas": 251137251.60490355,
    "cost_total": 274996305.4326518,
    "gap": 0.0076856378192035266,
    "invest_total": 430548468.98120564,
    "net present value": 215375430.39725298,
    "objective": -47405779.746845745,
    "op_cost_total": 23859053.827748295,
    "revenues_chpbonus": 0.0,
    "revenues_heat": 90009090.63129418,
    "revenues_hp_bew_op_bonus": 0,
    "revenues_spotmarket": 236817819.61578494,
    "revenues_total": 326826910.24707913,
    "total_bew_invest_bonus": 0.0,
    "total_heat_demand": 1172909.70330068
}