{
    "LCOH": 51.152641945794784,
    "Total Emissions DM": -5.6713940456453366e+19,
    "Total Emissions OM": 6310.160901910043,
    "allowed_bew_invest_bonus": 0.0,
    "balance_total": 64346687.23170856,
    "ccet_chp_bonus_real": 34.049156230632555,
    "cost_el": 0.0,
    "cost_el_grid": 0.0,
    "cost_el_internal": 0.0,
    "cost_gas": 239415418.1488773,
    "cost_total": 263198800.33897582,
    "gap": 0.027133798915197162,
    "invest_total": 427890324.7038565,
    "net present value": 374011626.42332715,
    "objective": -59458519.98527705,
    "op_cost_total": 23783382.190098513,
    "revenues_chpbonus": 0.0,
    "revenues_heat": 90009090.63129418,
    "revenues_hp_bew_op_bonus": 0,
    "revenues_spotmarket": 237536396.93939018,
    "revenues_total": 327545487.5706844,
    "total_bew_invest_bonus": 0.0,
    "total_heat_demand": 1172909.70330068
}