{
    "LCOH": 72.76563565837807,
    "Total Emissions DM": -5.3100187136846316e+19,
    "Total Emissions OM": 26417.013652312697,
    "allowed_bew_invest_bonus": 0.0,
    "balance_total": 38201899.42357683,
    "ccet_chp_bonus_real": 34.052072767992996,
    "cost_el": 208878.76496190362,
    "cost_el_grid": 178472.0613965367,
    "cost_el_internal": 30406.70356536693,
    "cost_gas": 262152573.86379302,
    "cost_total": 285671690.27586275,
    "gap": 0.05101376765829827,
    "invest_total": 417986633.9943628,
    "net present value": 58093472.10680854,
    "objective": -33853843.17593348,
    "op_cost_total": 23310237.647107862,
    "revenues_chpbonus": 0.0,
    "revenues_heat": 90009090.63129418,
    "revenues_hp_bew_op_bonus": 0,
    "revenues_spotmarket": 233864499.0681454,
    "revenues_total": 323873589.6994396,
    "total_bew_invest_bonus": 0.0,
    "total_heat_demand": 1172909.70330068
}