{
    "LCOH": 60.83360381899016,
    "Total Emissions DM": -5.640884273095153e+19,
    "Total Emissions OM": 11406.95500348803,
    "allowed_bew_invest_bonus": 0.0,
    "balance_total": 53391441.746195436,
    "ccet_chp_bonus_real": 34.049809724470485,
    "cost_el": 0.0,
    "cost_el_grid": 0.0,
    "cost_el_internal": 0.0,
    "cost_gas": 249725905.0269657,
    "cost_total": 273664034.3729015,
    "gap": 0.03682248304318884,
    "invest_total": 432870830.0294379,
    "net present value": 232504547.5031197,
    "objective": -48898350.04664437,
    "op_cost_total": 23938129.345935777,
    "revenues_chpbonus": 0.0,
    "revenues_heat": 90009090.63129418,
    "revenues_hp_bew_op_bonus": 0,
    "revenues_spotmarket": 237046385.48780277,
    "revenues_total": 327055476.11909693,
    "total_bew_invest_bonus": 0.0,
    "total_heat_demand": 1172909.70330068
}