{
    "LCOH": 63.33463578979083,
    "Total Emissions DM": 2.0764897529296785e+19,
    "Total Emissions OM": 105759.8442274935,
    "allowed_bew_invest_bonus": 0.0,
    "balance_total": 27273395.35457938,
    "ccet_chp_bonus_real": 34.29298108521119,
    "cost_el": 18715248.91449792,
    "cost_el_grid": 13339859.298148548,
    "cost_el_internal": 5375389.616349369,
    "cost_gas": 40378253.89931067,
    "cost_total": 65000113.85848848,
    "gap": 0.12288026347488723,
    "invest_total": 143939945.11539477,
    "net present value": 195946844.54862624,
    "objective": -22307234.12737707,
    "op_cost_total": 5906611.044679891,
    "revenues_chpbonus": 0.0,
    "revenues_heat": 90009090.63129418,
    "revenues_hp_bew_op_bonus": 0,
    "revenues_spotmarket": 2264418.581773683,
    "revenues_total": 92273509.21306786,
    "total_bew_invest_bonus": 0.0,
    "total_heat_demand": 1172909.70330068
}