{
    "LCOH": 62.26289747248017,
    "Total Emissions DM": 2.015128027214052e+19,
    "Total Emissions OM": 107332.99373582908,
    "allowed_bew_invest_bonus": 0.0,
    "balance_total": 29377819.222557656,
    "ccet_chp_bonus_real": 34.27897205053436,
    "cost_el": 16361950.41759096,
    "cost_el_grid": 10737473.737277843,
    "cost_el_internal": 5624476.680313119,
    "cost_gas": 41587761.758579165,
    "cost_total": 64343117.27534828,
    "gap": 0.098657524087747,
    "invest_total": 154500068.1856011,
    "net present value": 211612494.37102678,
    "objective": -24763231.709570453,
    "op_cost_total": 6393405.09917816,
    "revenues_chpbonus": 0.0,
    "revenues_heat": 90009090.63129418,
    "revenues_hp_bew_op_bonus": 0,
    "revenues_spotmarket": 3711845.866611762,
    "revenues_total": 93720936.49790594,
    "total_bew_invest_bonus": 0.0,
    "total_heat_demand": 1172909.70330068
}