{
    "LCOH": 60.50041024808608,
    "Total Emissions DM": 1.427291269474853e+19,
    "Total Emissions OM": 90573.69102733707,
    "allowed_bew_invest_bonus": 0.0,
    "balance_total": 33076098.455908507,
    "ccet_chp_bonus_real": 34.228370492712486,
    "cost_el": 11757280.588941842,
    "cost_el_grid": 6322036.298843972,
    "cost_el_internal": 5435244.29009787,
    "cost_gas": 64481703.12205166,
    "cost_total": 84073075.45445427,
    "gap": 0.043436455369286864,
    "invest_total": 174826442.53391895,
    "net present value": 237374853.73417476,
    "objective": -28305582.128745064,
    "op_cost_total": 7834091.743460774,
    "revenues_chpbonus": 0.0,
    "revenues_heat": 90009090.63129418,
    "revenues_hp_bew_op_bonus": 0,
    "revenues_spotmarket": 27140083.279068597,
    "revenues_total": 117149173.91036278,
    "total_bew_invest_bonus": 0.0,
    "total_heat_demand": 1172909.70330068
}