{
    "LCOH": 63.89160015710134,
    "Total Emissions DM": 2.1285527971051282e+19,
    "Total Emissions OM": 100346.61917605037,
    "allowed_bew_invest_bonus": 0.0,
    "balance_total": 26068389.82202796,
    "ccet_chp_bonus_real": 34.352173413855105,
    "cost_el": 24790286.344483167,
    "cost_el_grid": 20171093.438952133,
    "cost_el_internal": 4619192.905531035,
    "cost_gas": 34819809.152915984,
    "cost_total": 65034185.86098892,
    "gap": 0.28423374199251733,
    "invest_total": 137064087.28158593,
    "net present value": 187805669.97185487,
    "objective": -20982110.88653145,
    "op_cost_total": 5424090.363589773,
    "revenues_chpbonus": 0.0,
    "revenues_heat": 90009090.63129418,
    "revenues_hp_bew_op_bonus": 0,
    "revenues_spotmarket": 1093485.0517227012,
    "revenues_total": 91102575.68301688,
    "total_bew_invest_bonus": 0.0,
    "total_heat_demand": 1172909.70330068
}