{
    "LCOH": 61.51661524724821,
    "Total Emissions DM": 2.012316580709786e+19,
    "Total Emissions OM": 106881.96257158363,
    "allowed_bew_invest_bonus": 0.0,
    "balance_total": 30601565.755582333,
    "ccet_chp_bonus_real": 34.27305466003065,
    "cost_el": 15165775.447143596,
    "cost_el_grid": 9497777.50263381,
    "cost_el_internal": 5667997.944509787,
    "cost_gas": 43619047.95598426,
    "cost_total": 65436342.00215563,
    "gap": 0.09034359435188076,
    "invest_total": 158842212.1997425,
    "net present value": 222520937.05739295,
    "objective": -26080096.968311124,
    "op_cost_total": 6651518.599027785,
    "revenues_chpbonus": 0.0,
    "revenues_heat": 90009090.63129418,
    "revenues_hp_bew_op_bonus": 0,
    "revenues_spotmarket": 6028817.126443785,
    "revenues_total": 96037907.75773796,
    "total_bew_invest_bonus": 0.0,
    "total_heat_demand": 1172909.70330068
}