{
    "LCOH": 42.204804899863824,
    "Total Emissions DM": -5.681337612721167e+19,
    "Total Emissions OM": 5635.993077012154,
    "allowed_bew_invest_bonus": 0.0,
    "balance_total": 74904559.3197394,
    "ccet_chp_bonus_real": 34.04906485766476,
    "cost_el": 0.0,
    "cost_el_grid": 0.0,
    "cost_el_internal": 0.0,
    "cost_gas": 228833982.23031998,
    "cost_total": 252643362.0534112,
    "gap": 0.04623803893264303,
    "invest_total": 428673788.89047027,
    "net present value": 504802584.96738565,
    "objective": -70008743.71700372,
    "op_cost_total": 23809379.823091213,
    "revenues_chpbonus": 0.0,
    "revenues_heat": 90009090.63129418,
    "revenues_hp_bew_op_bonus": 0,
    "revenues_spotmarket": 237538830.74185643,
    "revenues_total": 327547921.3731506,
    "total_bew_invest_bonus": 0.0,
    "total_heat_demand": 1172909.70330068
}