{
    "LCOH": 72.78651141881862,
    "Total Emissions DM": -5.312132133806799e+19,
    "Total Emissions OM": 26712.861583324695,
    "allowed_bew_invest_bonus": 0.0,
    "balance_total": 38186453.7000097,
    "ccet_chp_bonus_real": 34.05204570712503,
    "cost_el": 173901.42185701148,
    "cost_el_grid": 148762.9097186498,
    "cost_el_internal": 25138.51213836166,
    "cost_gas": 262433211.01642245,
    "cost_total": 285933696.6939428,
    "gap": 0.06737038390832568,
    "invest_total": 418099288.1189847,
    "net present value": 57788330.12620038,
    "objective": -33848303.00647002,
    "op_cost_total": 23326584.255663324,
    "revenues_chpbonus": 0.0,
    "revenues_heat": 90009090.63129418,
    "revenues_hp_bew_op_bonus": 0,
    "revenues_spotmarket": 234111059.7626583,
    "revenues_total": 324120150.3939525,
    "total_bew_invest_bonus": 0.0,
    "total_heat_demand": 1172909.70330068
}