{
    "LCOH": 40.7254164580651,
    "Total Emissions DM": -5.721109183346649e+19,
    "Total Emissions OM": 5675.185482752568,
    "allowed_bew_invest_bonus": 0.0,
    "balance_total": 76490455.91109514,
    "ccet_chp_bonus_real": 34.04908588033055,
    "cost_el": 0.0,
    "cost_el_grid": 0.0,
    "cost_el_internal": 0.0,
    "cost_gas": 227377289.17394832,
    "cost_total": 251126655.83015734,
    "gap": 0.01247641946736698,
    "invest_total": 426813274.76439804,
    "net present value": 526426875.99645025,
    "objective": -71541823.9253159,
    "op_cost_total": 23749366.65620901,
    "revenues_chpbonus": 0.0,
    "revenues_heat": 90009090.63129418,
    "revenues_hp_bew_op_bonus": 0,
    "revenues_spotmarket": 237608021.10995832,
    "revenues_total": 327617111.7412525,
    "total_bew_invest_bonus": 0.0,
    "total_heat_demand": 1172909.70330068
}