{
    "LCOH": 60.822089005773144,
    "Total Emissions DM": 1.5272666399499082e+19,
    "Total Emissions OM": 102086.81390274008,
    "allowed_bew_invest_bonus": 0.0,
    "balance_total": 31970418.67741938,
    "ccet_chp_bonus_real": 34.25259185640998,
    "cost_el": 13303553.4713039,
    "cost_el_grid": 7693784.217864888,
    "cost_el_internal": 5609769.253439013,
    "cost_gas": 52751621.035298035,
    "cost_total": 73224167.31522538,
    "gap": 0.06542547677688601,
    "invest_total": 165749222.22294736,
    "net present value": 232672860.07412183,
    "objective": -27339105.488548443,
    "op_cost_total": 7168992.808623451,
    "revenues_chpbonus": 0.0,
    "revenues_heat": 90009090.63129418,
    "revenues_hp_bew_op_bonus": 0,
    "revenues_spotmarket": 15185495.361350577,
    "revenues_total": 105194585.99264476,
    "total_bew_invest_bonus": 0.0,
    "total_heat_demand": 1172909.70330068
}