{
    "LCOH": 64.58265008707552,
    "Total Emissions DM": -5.587739073167549e+19,
    "Total Emissions OM": 15236.917322217203,
    "allowed_bew_invest_bonus": 0.0,
    "balance_total": 48801761.19119483,
    "ccet_chp_bonus_real": 34.050230458407555,
    "cost_el": 0.0,
    "cost_el_grid": 0.0,
    "cost_el_internal": 0.0,
    "cost_gas": 254071345.44802916,
    "cost_total": 277926899.9701316,
    "gap": 0.04308534469178711,
    "invest_total": 430473252.68583983,
    "net present value": 177704560.36523467,
    "objective": -44377692.77928126,
    "op_cost_total": 23855554.522102397,
    "revenues_chpbonus": 0.0,
    "revenues_heat": 90009090.63129418,
    "revenues_hp_bew_op_bonus": 0,
    "revenues_spotmarket": 236719570.53003222,
    "revenues_total": 326728661.1613264,
    "total_bew_invest_bonus": 0.0,
    "total_heat_demand": 1172909.70330068
}