{
    "LCOH": 60.69950272644389,
    "Total Emissions DM": 1.383085397997812e+19,
    "Total Emissions OM": 78739.65476259701,
    "allowed_bew_invest_bonus": 0.0,
    "balance_total": 26687762.03681563,
    "ccet_chp_bonus_real": 37.40094968466858,
    "cost_el": 56828555.09902088,
    "cost_el_grid": 56354188.20120068,
    "cost_el_internal": 474366.897820203,
    "cost_gas": 3562187.7835335447,
    "cost_total": 63355843.410070285,
    "gap": 0.08782737100422891,
    "invest_total": 98123794.54045029,
    "net present value": 234464709.53399932,
    "objective": -20511463.354286425,
    "op_cost_total": 2965100.527515853,
    "revenues_chpbonus": 0.0,
    "revenues_heat": 90009090.63129418,
    "revenues_hp_bew_op_bonus": 0,
    "revenues_spotmarket": 34514.815591739476,
    "revenues_total": 90043605.44688591,
    "total_bew_invest_bonus": 0.0,
    "total_heat_demand": 1172909.70330068
}