{
    "LCOH": 54.48063557168435,
    "Total Emissions DM": -5.671538831233705e+19,
    "Total Emissions OM": 8522.056369275677,
    "allowed_bew_invest_bonus": 0.0,
    "balance_total": 60997799.617649674,
    "ccet_chp_bonus_real": 34.049479559578195,
    "cost_el": 0.0,
    "cost_el_grid": 0.0,
    "cost_el_internal": 0.0,
    "cost_gas": 242365312.3924336,
    "cost_total": 266370403.2403193,
    "gap": 0.011269955201325005,
    "invest_total": 434801223.53806233,
    "net present value": 325366185.72919273,
    "objective": -56450388.06908604,
    "op_cost_total": 24005090.847885698,
    "revenues_chpbonus": 0.0,
    "revenues_heat": 90009090.63129418,
    "revenues_hp_bew_op_bonus": 0,
    "revenues_spotmarket": 237359112.2266748,
    "revenues_total": 327368202.857969,
    "total_bew_invest_bonus": 0.0,
    "total_heat_demand": 1172909.70330068
}