{
    "LCOH": 54.91687945691693,
    "Total Emissions DM": -5.689137711090149e+19,
    "Total Emissions OM": 6229.642792650247,
    "allowed_bew_invest_bonus": 0.0,
    "balance_total": 59854543.64568192,
    "ccet_chp_bonus_real": 34.049156230632555,
    "cost_el": 0.0,
    "cost_el_grid": 0.0,
    "cost_el_internal": 0.0,
    "cost_gas": 243974872.5557038,
    "cost_total": 267727357.71321756,
    "gap": 0.023682439055197752,
    "invest_total": 426930324.7038565,
    "net present value": 318989588.16537136,
    "objective": -54935193.93970033,
    "op_cost_total": 23752485.157513767,
    "revenues_chpbonus": 0.0,
    "revenues_heat": 90009090.63129418,
    "revenues_hp_bew_op_bonus": 0,
    "revenues_spotmarket": 237572810.72760528,
    "revenues_total": 327581901.3588995,
    "total_bew_invest_bonus": 0.0,
    "total_heat_demand": 1172909.70330068
}