{
    "LCOH": 63.53384145558606,
    "Total Emissions DM": 2.0973830353477673e+19,
    "Total Emissions OM": 105091.21303133456,
    "allowed_bew_invest_bonus": 0.0,
    "balance_total": 26922225.914750412,
    "ccet_chp_bonus_real": 34.299706003461964,
    "cost_el": 19564275.622200362,
    "cost_el_grid": 14288314.463780444,
    "cost_el_internal": 5275961.158419916,
    "cost_gas": 39629206.390085,
    "cost_total": 65008499.40289129,
    "gap": 0.16492536758048232,
    "invest_total": 142475396.35669148,
    "net present value": 193035045.88230902,
    "objective": -21911217.45810662,
    "op_cost_total": 5815017.390605933,
    "revenues_chpbonus": 0.0,
    "revenues_heat": 90009090.63129418,
    "revenues_hp_bew_op_bonus": 0,
    "revenues_spotmarket": 1921634.6863475272,
    "revenues_total": 91930725.3176417,
    "total_bew_invest_bonus": 0.0,
    "total_heat_demand": 1172909.70330068
}