{
    "LCOH": 63.10959724590782,
    "Total Emissions DM": 2.0343824291180065e+19,
    "Total Emissions OM": 106877.70074989618,
    "allowed_bew_invest_bonus": 0.0,
    "balance_total": 28321108.46594549,
    "ccet_chp_bonus_real": 34.28364864353804,
    "cost_el": 17325115.35563042,
    "cost_el_grid": 11792885.970136756,
    "cost_el_internal": 5532229.385493662,
    "cost_gas": 41037380.28986509,
    "cost_total": 64671878.5454536,
    "gap": 0.18503773703362644,
    "invest_total": 153707367.21715873,
    "net present value": 199236243.61934376,
    "objective": -23696430.338497534,
    "op_cost_total": 6309382.899958092,
    "revenues_chpbonus": 0.0,
    "revenues_heat": 90009090.63129418,
    "revenues_hp_bew_op_bonus": 0,
    "revenues_spotmarket": 2983896.3801049097,
    "revenues_total": 92992987.01139909,
    "total_bew_invest_bonus": 0.0,
    "total_heat_demand": 1172909.70330068
}