{
    "LCOH": 60.534021716951266,
    "Total Emissions DM": 1.4048726429167555e+19,
    "Total Emissions OM": 78080.83979271044,
    "allowed_bew_invest_bonus": 0.0,
    "balance_total": 26648235.62647269,
    "ccet_chp_bonus_real": 0,
    "cost_el": 60589866.12627159,
    "cost_el_grid": 60589866.12627159,
    "cost_el_internal": 0.0,
    "cost_gas": 13391.254974134092,
    "cost_total": 63360855.00482149,
    "gap": 0.06153805234101723,
    "invest_total": 95212364.33526957,
    "net present value": 236883553.29940075,
    "objective": -20512373.195064448,
    "op_cost_total": 2757597.623575765,
    "revenues_chpbonus": 0.0,
    "revenues_heat": 90009090.63129418,
    "revenues_hp_bew_op_bonus": 0,
    "revenues_spotmarket": 0.0,
    "revenues_total": 90009090.63129418,
    "total_bew_invest_bonus": 0.0,
    "total_heat_demand": 1172909.70330068
}