{
    "LCOH": 60.57459192905332,
    "Total Emissions DM": 1.40522018707707e+19,
    "Total Emissions OM": 78084.69403767765,
    "allowed_bew_invest_bonus": 0.0,
    "balance_total": 26633638.51317685,
    "ccet_chp_bonus_real": 0,
    "cost_el": 60591432.41125539,
    "cost_el_grid": 60591432.41125539,
    "cost_el_internal": 0.0,
    "cost_gas": 12956.338977532128,
    "cost_total": 63375452.118117325,
    "gap": 0.06334100625466467,
    "invest_total": 95623468.7537404,
    "net present value": 236290536.58464333,
    "objective": -20512003.138706543,
    "op_cost_total": 2771063.3678844003,
    "revenues_chpbonus": 0.0,
    "revenues_heat": 90009090.63129418,
    "revenues_hp_bew_op_bonus": 0,
    "revenues_spotmarket": 0.0,
    "revenues_total": 90009090.63129418,
    "total_bew_invest_bonus": 0.0,
    "total_heat_demand": 1172909.70330068
}