{
    "LCOH": 65.82796823118909,
    "Total Emissions DM": -5.573438716584404e+19,
    "Total Emissions OM": 15395.873446507037,
    "allowed_bew_invest_bonus": 0.0,
    "balance_total": 47297569.80378294,
    "ccet_chp_bonus_real": 34.050296755801945,
    "cost_el": 0.0,
    "cost_el_grid": 0.0,
    "cost_el_internal": 0.0,
    "cost_gas": 255581078.84116817,
    "cost_total": 279418566.2888184,
    "gap": 0.02908883960150557,
    "invest_total": 429930577.60507256,
    "net present value": 159501685.98063785,
    "objective": -42878787.35937635,
    "op_cost_total": 23837487.44765026,
    "revenues_chpbonus": 0.0,
    "revenues_heat": 90009090.63129418,
    "revenues_hp_bew_op_bonus": 0,
    "revenues_spotmarket": 236707045.46130717,
    "revenues_total": 326716136.09260136,
    "total_bew_invest_bonus": 0.0,
    "total_heat_demand": 1172909.70330068
}