{
    "LCOH": 63.244331024041365,
    "Total Emissions DM": 2.1002470156923048e+19,
    "Total Emissions OM": 97077.8067545435,
    "allowed_bew_invest_bonus": 0.0,
    "balance_total": 26187926.345159918,
    "ccet_chp_bonus_real": 34.38676375306552,
    "cost_el": 27969389.2439436,
    "cost_el_grid": 23756207.602782447,
    "cost_el_internal": 4213181.641161157,
    "cost_gas": 31722634.39984728,
    "cost_total": 64723511.17200649,
    "gap": 0.3330651014802483,
    "invest_total": 129092612.95510371,
    "net present value": 197266833.59322345,
    "objective": -20815086.47665477,
    "op_cost_total": 5031487.528215607,
    "revenues_chpbonus": 0.0,
    "revenues_heat": 90009090.63129418,
    "revenues_hp_bew_op_bonus": 0,
    "revenues_spotmarket": 902346.8858722312,
    "revenues_total": 90911437.5171664,
    "total_bew_invest_bonus": 0.0,
    "total_heat_demand": 1172909.70330068
}