{
    "LCOH": 61.36556426787845,
    "Total Emissions DM": 1.948994635231364e+19,
    "Total Emissions OM": 106883.6216830795,
    "allowed_bew_invest_bonus": 0.0,
    "balance_total": 30843945.9318825,
    "ccet_chp_bonus_real": 34.27184317716311,
    "cost_el": 14936594.928402353,
    "cost_el_grid": 9267293.353407457,
    "cost_el_internal": 5669301.574994896,
    "cost_gas": 44359609.964422174,
    "cost_total": 65998447.70354442,
    "gap": 0.0953907307321115,
    "invest_total": 159654885.6090549,
    "net present value": 224728856.38799515,
    "objective": -26311710.0332333,
    "op_cost_total": 6702242.8107199,
    "revenues_chpbonus": 0.0,
    "revenues_heat": 90009090.63129418,
    "revenues_hp_bew_op_bonus": 0,
    "revenues_spotmarket": 6833303.004132743,
    "revenues_total": 96842393.63542692,
    "total_bew_invest_bonus": 0.0,
    "total_heat_demand": 1172909.70330068
}