{
    "LCOH": 62.32940208912464,
    "Total Emissions DM": 1.5424971052959113e+19,
    "Total Emissions OM": 79645.72310469094,
    "allowed_bew_invest_bonus": 0.0,
    "balance_total": 33662403.84261234,
    "ccet_chp_bonus_real": 34.15896816397865,
    "cost_el": 10566170.614609275,
    "cost_el_grid": 5867457.827743708,
    "cost_el_internal": 4698712.786865566,
    "cost_gas": 88904203.60462031,
    "cost_total": 109245442.27030744,
    "gap": 0.12026704067737244,
    "invest_total": 208867564.08729562,
    "net present value": 210640393.23486552,
    "objective": -28699802.165154457,
    "op_cost_total": 9775068.05107786,
    "revenues_chpbonus": 0.0,
    "revenues_heat": 90009090.63129418,
    "revenues_hp_bew_op_bonus": 0,
    "revenues_spotmarket": 52898755.4816256,
    "revenues_total": 142907846.11291978,
    "total_bew_invest_bonus": 0.0,
    "total_heat_demand": 1172909.70330068
}