{
    "LCOH": 63.90984096074659,
    "Total Emissions DM": 2.144254490620616e+19,
    "Total Emissions OM": 102835.82123227761,
    "allowed_bew_invest_bonus": 0.0,
    "balance_total": 26351075.185966842,
    "ccet_chp_bonus_real": 34.3171255802327,
    "cost_el": 21701620.255968623,
    "cost_el_grid": 16693522.05006211,
    "cost_el_internal": 5008098.205906512,
    "cost_gas": 37864395.019693434,
    "cost_total": 65242240.679359354,
    "gap": 0.3067178789417589,
    "invest_total": 140853598.43989116,
    "net present value": 187539043.27971345,
    "objective": -21324042.149086818,
    "op_cost_total": 5676225.403697297,
    "revenues_chpbonus": 0.0,
    "revenues_heat": 90009090.63129418,
    "revenues_hp_bew_op_bonus": 0,
    "revenues_spotmarket": 1584225.234032023,
    "revenues_total": 91593315.8653262,
    "total_bew_invest_bonus": 0.0,
    "total_heat_demand": 1172909.70330068
}