{
    "LCOH": 58.354425091654136,
    "Total Emissions DM": -5.680262647794039e+19,
    "Total Emissions OM": 8806.802506259264,
    "allowed_bew_invest_bonus": 0.0,
    "balance_total": 56467456.35800934,
    "ccet_chp_bonus_real": 34.04946000108579,
    "cost_el": 0.0,
    "cost_el_grid": 0.0,
    "cost_el_internal": 0.0,
    "cost_gas": 246886098.86474562,
    "cost_total": 270896484.34335256,
    "gap": 0.02584497751688332,
    "invest_total": 434966498.08043456,
    "net present value": 268742820.5612744,
    "objective": -51918453.030617595,
    "op_cost_total": 24010385.47860695,
    "revenues_chpbonus": 0.0,
    "revenues_heat": 90009090.63129418,
    "revenues_hp_bew_op_bonus": 0,
    "revenues_spotmarket": 237354850.0700677,
    "revenues_total": 327363940.7013619,
    "total_bew_invest_bonus": 0.0,
    "total_heat_demand": 1172909.70330068
}