{
    "LCOH": 62.10228300420715,
    "Total Emissions DM": 1.4791096224235397e+19,
    "Total Emissions OM": 87571.79372169869,
    "allowed_bew_invest_bonus": 0.0,
    "balance_total": 26478156.096276253,
    "ccet_chp_bonus_real": 34.62474544523317,
    "cost_el": 39758223.34417791,
    "cost_el_grid": 37094910.82698907,
    "cost_el_internal": 2663312.5171888373,
    "cost_gas": 20022885.547751546,
    "cost_total": 63912174.8446341,
    "gap": 0.09925320638111856,
    "invest_total": 116016147.08182666,
    "net present value": 213960203.67257532,
    "objective": -20619930.489697583,
    "op_cost_total": 4131065.952704644,
    "revenues_chpbonus": 0.0,
    "revenues_heat": 90009090.63129418,
    "revenues_hp_bew_op_bonus": 0,
    "revenues_spotmarket": 381240.30961618444,
    "revenues_total": 90390330.94091035,
    "total_bew_invest_bonus": 0.0,
    "total_heat_demand": 1172909.70330068
}