{
    "LCOH": 60.54909475078147,
    "Total Emissions DM": 1.4044376983871705e+19,
    "Total Emissions OM": 78096.31475585628,
    "allowed_bew_invest_bonus": 0.0,
    "balance_total": 26643364.0239904,
    "ccet_chp_bonus_real": 0,
    "cost_el": 60593431.64695398,
    "cost_el_grid": 60593431.64695398,
    "cost_el_internal": 0.0,
    "cost_gas": 9426.072380795076,
    "cost_total": 63365726.607303776,
    "gap": 0.0503260273995708,
    "invest_total": 95371976.65092066,
    "net present value": 236663230.04891017,
    "objective": -20514674.46361895,
    "op_cost_total": 2762868.8879690045,
    "revenues_chpbonus": 0.0,
    "revenues_heat": 90009090.63129418,
    "revenues_hp_bew_op_bonus": 0,
    "revenues_spotmarket": 0.0,
    "revenues_total": 90009090.63129418,
    "total_bew_invest_bonus": 0.0,
    "total_heat_demand": 1172909.70330068
}