{
    "LCOH": 62.7821991865937,
    "Total Emissions DM": 1.5502473898009633e+19,
    "Total Emissions OM": 92593.48205844234,
    "allowed_bew_invest_bonus": 0.0,
    "balance_total": 26321973.357872546,
    "ccet_chp_bonus_real": 34.47313584999462,
    "cost_el": 33383652.714428794,
    "cost_el_grid": 29888959.75770717,
    "cost_el_internal": 3494692.9567216216,
    "cost_gas": 26283531.753515054,
    "cost_total": 64302333.38137217,
    "gap": 0.14381957894090183,
    "invest_total": 124008132.03396478,
    "net present value": 204021836.5825763,
    "objective": -20717301.64748919,
    "op_cost_total": 4635148.913428324,
    "revenues_chpbonus": 0.0,
    "revenues_heat": 90009090.63129418,
    "revenues_hp_bew_op_bonus": 0,
    "revenues_spotmarket": 615216.1079505346,
    "revenues_total": 90624306.73924471,
    "total_bew_invest_bonus": 0.0,
    "total_heat_demand": 1172909.70330068
}