{
    "LCOH": 60.51100901598754,
    "Total Emissions DM": 1.4046939337065583e+19,
    "Total Emissions OM": 78067.7007285507,
    "allowed_bew_invest_bonus": 0.0,
    "balance_total": 26654779.532162726,
    "ccet_chp_bonus_real": 0,
    "cost_el": 60592431.52147475,
    "cost_el_grid": 60592431.52147475,
    "cost_el_internal": 0.0,
    "cost_gas": 12389.121259645644,
    "cost_total": 63354311.09913145,
    "gap": 0.06296578016407044,
    "invest_total": 94957538.12283847,
    "net present value": 237219931.04100284,
    "objective": -20512080.153873272,
    "op_cost_total": 2749490.4563970584,
    "revenues_chpbonus": 0.0,
    "revenues_heat": 90009090.63129418,
    "revenues_hp_bew_op_bonus": 0,
    "revenues_spotmarket": 0.0,
    "revenues_total": 90009090.63129418,
    "total_bew_invest_bonus": 0.0,
    "total_heat_demand": 1172909.70330068
}