{
    "LCOH": 61.69276946538608,
    "Total Emissions DM": 1.945357720003907e+19,
    "Total Emissions OM": 107062.31167742632,
    "allowed_bew_invest_bonus": 0.0,
    "balance_total": 30376522.15232031,
    "ccet_chp_bonus_real": 34.27459900241442,
    "cost_el": 15532433.911040489,
    "cost_el_grid": 9871174.949642317,
    "cost_el_internal": 5661258.96139817,
    "cost_gas": 42542501.13634998,
    "cost_total": 64674944.73575574,
    "gap": 0.09386171093718561,
    "invest_total": 158612526.04210454,
    "net present value": 219946082.49493647,
    "objective": -25852318.74490544,
    "op_cost_total": 6600009.688365275,
    "revenues_chpbonus": 0.0,
    "revenues_heat": 90009090.63129418,
    "revenues_hp_bew_op_bonus": 0,
    "revenues_spotmarket": 5042376.256781873,
    "revenues_total": 95051466.88807605,
    "total_bew_invest_bonus": 0.0,
    "total_heat_demand": 1172909.70330068
}