{
    "LCOH": 72.92970196744851,
    "Total Emissions DM": 1.0225637742467353e+19,
    "Total Emissions OM": 29700.06182455626,
    "allowed_bew_invest_bonus": 0.0,
    "balance_total": 34529345.67258787,
    "ccet_chp_bonus_real": 34.06028346481977,
    "cost_el": 3597376.633168509,
    "cost_el_grid": 2743855.506474705,
    "cost_el_internal": 853521.1266938045,
    "cost_gas": 226096274.75180995,
    "cost_total": 250002372.34406543,
    "gap": 0.4074201450449763,
    "invest_total": 374616661.67747766,
    "net present value": 55695307.08458507,
    "objective": -29585899.553715188,
    "op_cost_total": 20308720.95908694,
    "revenues_chpbonus": 0.0,
    "revenues_heat": 90009090.63129418,
    "revenues_hp_bew_op_bonus": 0,
    "revenues_spotmarket": 194522627.38535914,
    "revenues_total": 284531718.0166533,
    "total_bew_invest_bonus": 0.0,
    "total_heat_demand": 1172909.70330068
}