{
    "LCOH": 62.44415648970516,
    "Total Emissions DM": 2.021810809016619e+19,
    "Total Emissions OM": 107415.3900389578,
    "allowed_bew_invest_bonus": 0.0,
    "balance_total": 29158783.18887087,
    "ccet_chp_bonus_real": 34.27914819695906,
    "cost_el": 16507911.04855965,
    "cost_el_grid": 10895743.5016561,
    "cost_el_internal": 5612167.546903551,
    "cost_gas": 41511629.43561955,
    "cost_total": 64401582.51283582,
    "gap": 0.1150634544131206,
    "invest_total": 154419866.71406123,
    "net present value": 208963022.71816626,
    "objective": -24546822.541364294,
    "op_cost_total": 6382042.028656621,
    "revenues_chpbonus": 0.0,
    "revenues_heat": 90009090.63129418,
    "revenues_hp_bew_op_bonus": 0,
    "revenues_spotmarket": 3551275.0704125166,
    "revenues_total": 93560365.7017067,
    "total_bew_invest_bonus": 0.0,
    "total_heat_demand": 1172909.70330068
}