{
    "LCOH": 63.68944687060221,
    "Total Emissions DM": 2.1079871064568484e+19,
    "Total Emissions OM": 104571.24874717936,
    "allowed_bew_invest_bonus": 0.0,
    "balance_total": 26695513.367211156,
    "ccet_chp_bonus_real": 34.30753677796411,
    "cost_el": 20335147.31759113,
    "cost_el_grid": 15157863.644021388,
    "cost_el_internal": 5177283.673569744,
    "cost_gas": 38997371.825456105,
    "cost_total": 65102917.064469285,
    "gap": 0.21804419019891105,
    "invest_total": 141924548.63445097,
    "net present value": 190760554.14982224,
    "objective": -21711038.827753022,
    "op_cost_total": 5770397.92142205,
    "revenues_chpbonus": 0.0,
    "revenues_heat": 90009090.63129418,
    "revenues_hp_bew_op_bonus": 0,
    "revenues_spotmarket": 1789339.8003862614,
    "revenues_total": 91798430.43168044,
    "total_bew_invest_bonus": 0.0,
    "total_heat_demand": 1172909.70330068
}