{
    "LCOH": 52.35763919889499,
    "Total Emissions DM": -5.6910150487078126e+19,
    "Total Emissions OM": 6375.435871901529,
    "allowed_bew_invest_bonus": 0.0,
    "balance_total": 62857795.40165156,
    "ccet_chp_bonus_real": 34.04915405522758,
    "cost_el": 0.0,
    "cost_el_grid": 0.0,
    "cost_el_internal": 0.0,
    "cost_gas": 240897624.7503193,
    "cost_total": 264650095.9787838,
    "gap": 0.047082637695737076,
    "invest_total": 426948943.5484162,
    "net present value": 356398124.41530794,
    "objective": -57938255.748724855,
    "op_cost_total": 23752471.228464477,
    "revenues_chpbonus": 0.0,
    "revenues_heat": 90009090.63129418,
    "revenues_hp_bew_op_bonus": 0,
    "revenues_spotmarket": 237498800.74914116,
    "revenues_total": 327507891.38043535,
    "total_bew_invest_bonus": 0.0,
    "total_heat_demand": 1172909.70330068
}