{
    "LCOH": 63.736014880537894,
    "Total Emissions DM": 2.0734515042662007e+19,
    "Total Emissions OM": 106019.47638504831,
    "allowed_bew_invest_bonus": 0.0,
    "balance_total": 27553938.380362347,
    "ccet_chp_bonus_real": 34.2879009394425,
    "cost_el": 18115603.737280134,
    "cost_el_grid": 12676173.165251836,
    "cost_el_internal": 5439430.572028297,
    "cost_gas": 40694122.65830439,
    "cost_total": 65058892.22454198,
    "gap": 0.1417428342433098,
    "invest_total": 153303108.5218379,
    "net present value": 190079867.3396231,
    "objective": -22896138.4444331,
    "op_cost_total": 6249165.828957443,
    "revenues_chpbonus": 0.0,
    "revenues_heat": 90009090.63129418,
    "revenues_hp_bew_op_bonus": 0,
    "revenues_spotmarket": 2603739.9736101436,
    "revenues_total": 92612830.60490432,
    "total_bew_invest_bonus": 0.0,
    "total_heat_demand": 1172909.70330068
}