{
    "LCOH": 59.56864788769844,
    "Total Emissions DM": -5.702497863186758e+19,
    "Total Emissions OM": 10111.732816158605,
    "allowed_bew_invest_bonus": 0.0,
    "balance_total": 54953274.75882709,
    "ccet_chp_bonus_real": 34.049593046552246,
    "cost_el": 0.0,
    "cost_el_grid": 0.0,
    "cost_el_internal": 0.0,
    "cost_gas": 248366369.9127204,
    "cost_total": 272339155.617848,
    "gap": 0.017202674019704576,
    "invest_total": 433844800.7014716,
    "net present value": 250994468.35442466,
    "objective": -50415195.88459001,
    "op_cost_total": 23972785.705127575,
    "revenues_chpbonus": 0.0,
    "revenues_heat": 90009090.63129418,
    "revenues_hp_bew_op_bonus": 0,
    "revenues_spotmarket": 237283339.7453809,
    "revenues_total": 327292430.37667507,
    "total_bew_invest_bonus": 0.0,
    "total_heat_demand": 1172909.70330068
}