{
    "LCOH": 47.37575533123125,
    "Total Emissions DM": -5.688309030681873e+19,
    "Total Emissions OM": 4488.0976786556275,
    "allowed_bew_invest_bonus": 0.0,
    "balance_total": 68883806.4510017,
    "ccet_chp_bonus_real": 34.04900066720561,
    "cost_el": 0.0,
    "cost_el_grid": 0.0,
    "cost_el_internal": 0.0,
    "cost_gas": 234898249.53031644,
    "cost_total": 258726278.43700588,
    "gap": 0.03131562577164842,
    "invest_total": 429225927.9608954,
    "net present value": 429218557.22630024,
    "objective": -63982614.55595205,
    "op_cost_total": 23828028.90668943,
    "revenues_chpbonus": 0.0,
    "revenues_heat": 90009090.63129418,
    "revenues_hp_bew_op_bonus": 0,
    "revenues_spotmarket": 237600994.25671342,
    "revenues_total": 327610084.8880076,
    "total_bew_invest_bonus": 0.0,
    "total_heat_demand": 1172909.70330068
}