{
    "LCOH": 57.092513964230264,
    "Total Emissions DM": -5.6728727248990994e+19,
    "Total Emissions OM": 8484.399339964108,
    "allowed_bew_invest_bonus": 0.0,
    "balance_total": 57981324.69176507,
    "ccet_chp_bonus_real": 34.04941028176112,
    "cost_el": 0.0,
    "cost_el_grid": 0.0,
    "cost_el_internal": 0.0,
    "cost_gas": 245399864.34092823,
    "cost_total": 269424548.9995024,
    "gap": 0.022111360266553592,
    "invest_total": 435387228.8778719,
    "net present value": 287188235.37001157,
    "objective": -53428212.78417123,
    "op_cost_total": 24024684.658574164,
    "revenues_chpbonus": 0.0,
    "revenues_heat": 90009090.63129418,
    "revenues_hp_bew_op_bonus": 0,
    "revenues_spotmarket": 237396783.05997333,
    "revenues_total": 327405873.6912675,
    "total_bew_invest_bonus": 0.0,
    "total_heat_demand": 1172909.70330068
}