{
    "LCOH": 35.78147995674181,
    "Total Emissions DM": -5.689864591913969e+19,
    "Total Emissions OM": 5011.562099180886,
    "allowed_bew_invest_bonus": 0.0,
    "balance_total": 82454214.071006,
    "ccet_chp_bonus_real": 34.0489863670369,
    "cost_el": 0.0,
    "cost_el_grid": 0.0,
    "cost_el_internal": 0.0,
    "cost_gas": 221250347.92296422,
    "cost_total": 245066122.67332232,
    "gap": 0.06838604716983607,
    "invest_total": 428869129.0280987,
    "net present value": 598692630.3535979,
    "objective": -77536229.18986815,
    "op_cost_total": 23815774.750358097,
    "revenues_chpbonus": 0.0,
    "revenues_heat": 90009090.63129418,
    "revenues_hp_bew_op_bonus": 0,
    "revenues_spotmarket": 237511246.11303413,
    "revenues_total": 327520336.7443283,
    "total_bew_invest_bonus": 0.0,
    "total_heat_demand": 1172909.70330068
}