{
    "LCOH": 44.64878493864257,
    "Total Emissions DM": -5.724000874890916e+19,
    "Total Emissions OM": 5159.082934875412,
    "allowed_bew_invest_bonus": 0.0,
    "balance_total": 71948769.65409836,
    "ccet_chp_bonus_real": 34.04902669327402,
    "cost_el": 0.0,
    "cost_el_grid": 0.0,
    "cost_el_internal": 0.0,
    "cost_gas": 231886268.20277372,
    "cost_total": 255660149.90653816,
    "gap": 0.028244658773797313,
    "invest_total": 427561888.5067967,
    "net present value": 469078812.80953467,
    "objective": -67002959.06940552,
    "op_cost_total": 23773881.703764435,
    "revenues_chpbonus": 0.0,
    "revenues_heat": 90009090.63129418,
    "revenues_hp_bew_op_bonus": 0,
    "revenues_spotmarket": 237599828.92934233,
    "revenues_total": 327608919.5606365,
    "total_bew_invest_bonus": 0.0,
    "total_heat_demand": 1172909.70330068
}