{
    "LCOH": 34.420691215548096,
    "Total Emissions DM": -5.687240346982548e+19,
    "Total Emissions OM": 4436.321243925591,
    "allowed_bew_invest_bonus": 0.0,
    "balance_total": 83999916.78421164,
    "ccet_chp_bonus_real": 34.04901049638144,
    "cost_el": 0.0,
    "cost_el_grid": 0.0,
    "cost_el_internal": 0.0,
    "cost_gas": 219800721.568259,
    "cost_total": 243596827.74540788,
    "gap": 0.0362219836389852,
    "invest_total": 428241287.787598,
    "net present value": 618583343.933102,
    "objective": -79070298.91317365,
    "op_cost_total": 23796106.177148886,
    "revenues_chpbonus": 0.0,
    "revenues_heat": 90009090.63129418,
    "revenues_hp_bew_op_bonus": 0,
    "revenues_spotmarket": 237587653.89832532,
    "revenues_total": 327596744.5296195,
    "total_bew_invest_bonus": 0.0,
    "total_heat_demand": 1172909.70330068
}