{
    "LCOH": 49.871246705663815,
    "Total Emissions DM": -5.6688217221149e+19,
    "Total Emissions OM": 6391.399312490947,
    "allowed_bew_invest_bonus": 0.0,
    "balance_total": 65851142.166879445,
    "ccet_chp_bonus_real": 34.04915405522758,
    "cost_el": 0.0,
    "cost_el_grid": 0.0,
    "cost_el_internal": 0.0,
    "cost_gas": 237899970.2881704,
    "cost_total": 261683930.5042549,
    "gap": 0.034569389583735365,
    "invest_total": 427908943.5484162,
    "net present value": 392741841.4317395,
    "objective": -60962793.337231256,
    "op_cost_total": 23783960.216084506,
    "revenues_chpbonus": 0.0,
    "revenues_heat": 90009090.63129418,
    "revenues_hp_bew_op_bonus": 0,
    "revenues_spotmarket": 237525982.0398402,
    "revenues_total": 327535072.67113435,
    "total_bew_invest_bonus": 0.0,
    "total_heat_demand": 1172909.70330068
}