{
    "LCOH": 36.9579406710245,
    "Total Emissions DM": -5.683242025972995e+19,
    "Total Emissions OM": 5791.180155956448,
    "allowed_bew_invest_bonus": 0.0,
    "balance_total": 80979283.74859813,
    "ccet_chp_bonus_real": 34.04904730578162,
    "cost_el": 0.0,
    "cost_el_grid": 0.0,
    "cost_el_internal": 0.0,
    "cost_gas": 222795939.79746914,
    "cost_total": 246573267.60674998,
    "gap": 0.0455988851252183,
    "invest_total": 427684619.1761448,
    "net present value": 581496248.2871146,
    "objective": -76044957.04950301,
    "op_cost_total": 23777327.809280843,
    "revenues_chpbonus": 0.0,
    "revenues_heat": 90009090.63129418,
    "revenues_hp_bew_op_bonus": 0,
    "revenues_spotmarket": 237543460.72405392,
    "revenues_total": 327552551.3553481,
    "total_bew_invest_bonus": 0.0,
    "total_heat_demand": 1172909.70330068
}