;cap_ccet;cap_hp1;cap_hp2;cap_hp3;cap_hp4;cap_hp5;cap_hp6;cap_hp7;cap_in_st-tes;cap_out_st-tes;cap_plb;cap_st-tes
0;209.04621316554253;50.0;9.868596959557387;0.0;0.0;0.0;0.0;0.0;353.000002824;353.000002824;183.0;8472.0
