{
    "LCOH": 13.343306660941852,
    "Total Emissions DM": -342340.90381857485,
    "Total Emissions OM": -53281.77769409868,
    "allowed_bew_invest_bonus": 17257659.018616628,
    "balance_total": 102260041.16192837,
    "ccet_chp_bonus_real": 34.066168309222874,
    "cost_el": 14168119.357828142,
    "cost_el_grid": 14168119.357828142,
    "cost_el_internal": 0.0,
    "cost_gas": 60099722.87044874,
    "cost_total": 92297612.9730476,
    "gap": 0.001570630281853169,
    "invest_total": 347713668.81608015,
    "net present value": 926672473.7806678,
    "objective": -97726793.1829604,
    "op_cost_total": 18029770.74477072,
    "revenues_chpbonus": 12172074.02686405,
    "revenues_heat": 90009090.63129418,
    "revenues_hp_bew_op_bonus": 12654142.992455723,
    "revenues_spotmarket": 79722346.48436204,
    "revenues_total": 194557654.13497597,
    "total_bew_invest_bonus": 17257659.018616628,
    "total_heat_demand": 1172909.703
}