{
    "LCOH": 25.50041546067178,
    "Total Emissions DM": -657350.5578778464,
    "Total Emissions OM": -152105.47651027289,
    "allowed_bew_invest_bonus": 0.0,
    "balance_total": 100037176.58684734,
    "ccet_chp_bonus_real": 34.04302220230892,
    "cost_el": 0.0,
    "cost_el_grid": 0.0,
    "cost_el_internal": 0.0,
    "cost_gas": 93890433.7298757,
    "cost_total": 119958242.72015783,
    "gap": 0.0024464893459701766,
    "invest_total": 497712898.9206719,
    "net present value": 748971437.7784355,
    "objective": -95225212.98140638,
    "op_cost_total": 26067808.99028213,
    "revenues_chpbonus": 12172074.026864175,
    "revenues_heat": 90009090.63129418,
    "revenues_hp_bew_op_bonus": 0.0,
    "revenues_spotmarket": 117814254.64884683,
    "revenues_total": 219995419.30700517,
    "total_bew_invest_bonus": 0.0,
    "total_heat_demand": 1172909.703
}