{
    "LCOH": 18.894269795742137,
    "Total Emissions DM": -475961.6667641873,
    "Total Emissions OM": -96666.60761016188,
    "allowed_bew_invest_bonus": 23300521.58317846,
    "balance_total": 101834430.56347291,
    "ccet_chp_bonus_real": 34.054972707974166,
    "cost_el": 8448954.673391325,
    "cost_el_grid": 8448954.673391325,
    "cost_el_internal": 0.0,
    "cost_gas": 74005465.78664225,
    "cost_total": 103622935.93724461,
    "gap": 0.0023617089931993194,
    "invest_total": 423548311.467309,
    "net present value": 845533782.3274727,
    "objective": -95163020.38706993,
    "op_cost_total": 21168515.47721102,
    "revenues_chpbonus": 12172074.026864052,
    "revenues_heat": 90009090.63129418,
    "revenues_hp_bew_op_bonus": 7482984.765996801,
    "revenues_spotmarket": 95793217.07656246,
    "revenues_total": 205457366.50071752,
    "total_bew_invest_bonus": 23300521.58317846,
    "total_heat_demand": 1172909.703
}