;cap_ccet;cap_hp1;cap_hp2;cap_hp3;cap_hp4;cap_hp5;cap_hp6;cap_hp7;cap_in_st-tes;cap_out_st-tes;cap_plb;cap_st-tes
0;229.24157279997962;28.78093344342155;26.08538513175925;25.70086602115854;0.0;0.0;0.0;0.0;353.000002824;353.000002824;170.0;8472.0
